school,conf,wl,srs,sos,pts_for,pts_vs,ap_final,ncaa_result
air-force,MWC,0.774,10.2,2.49,64.2,54.7,30,Lost First Round
air-force,MWC,0.759,9.12,0.08,59.9,50.9,30,Lost First Round
akron,MAC,0.788,8.11,0.18,71.8,62.8,30,Lost Second Round
akron,MAC,0.639,2.15,-1.02,70.1,65.7,30,Lost Second Round
akron,MAC,0.639,3.37,-2.01,66.8,60.3,30,Lost First Round
alabama,SEC,0.636,13.76,7.18,64.7,58.1,30,Lost Second Round
alabama,SEC,0.581,10.79,8.08,70.3,67.5,30,Lost Second Round
alabama,SEC,0.75,16.74,6.81,75.8,65.1,21,Lost First Round
alabama,SEC,0.606,14.29,10.2,72.1,68,30,Lost Regional Final
alabama,SEC,0.586,13.36,9.4,69,65.1,30,Lost First Round
alabama,SEC,0.771,16.93,7.67,75.9,66.7,8,Lost Second Round
alabama-state,SWAC,0.486,-13.37,-10.31,61.3,63.8,30,Lost First Round
alabama-state,SWAC,0.688,-6.13,-11.2,68.8,63.3,30,Lost First Round
alabama-state,SWAC,0.516,-11.1,-10.78,61.4,61.7,30,Lost First Round
alabama-state,SWAC,0.71,-8.86,-13.61,68.9,63.9,30,Lost First Round
alabama-birmingham,CUSA,0.556,1.94,1.62,68.8,68.1,30,Lost Regional Semifinal
alabama-birmingham,CUSA,0.71,8.55,2.78,68.4,62.6,30,Lost First Round
alabama-birmingham,CUSA,0.774,9.64,1.57,74.4,65.6,25,Lost First Round
alabama-birmingham,CUSA,0.667,10.42,4.78,77.5,71.8,30,Lost Second Round
alabama-birmingham,CUSA,0.688,11.76,5.63,75.4,69.3,30,Lost Regional Semifinal
alabama-birmingham,CUSA,0.625,8.87,5.4,74,70.5,30,Lost First Round
alcorn-state,SWAC,0.677,-11.28,-14.18,79.8,76.6,30,Lost First Round
alcorn-state,SWAC,0.767,-2.88,-10.48,75.8,66.9,30,Lost First Round
american,Patriot,0.606,0.69,-3.25,63.1,59.1,30,Lost Second Round
american,Patriot,0.75,-0.05,-5.49,64.5,59.1,30,Lost First Round
american,Patriot,0.636,-1.87,-4,64.8,62.1,30,Lost First Round
appalachian-state,Southern,0.719,2.49,-3.75,79.1,69.6,30,Lost First Round
arizona-state,Pac-12,0.636,13.32,7.41,75.3,69.4,30,Lost Second Round
arizona-state,Pac-10,0.714,16.7,7.82,69.4,60.5,19,Lost Second Round
arizona-state,Pac-10,0.625,15.01,9.27,77,70.5,30,Lost Second Round
arizona,Pac-12,0.735,18.79,7.23,80.4,68.9,17,Lost First Round
arizona,Pac-12,0.895,24.33,7.41,76.6,59.7,5,Lost Regional Final
arizona,Pac-12,0.868,23.36,9.04,72.9,58.6,4,Lost Regional Final
arizona,Pac-12,0.771,17.3,7.47,73.4,63.6,21,Lost Regional Semifinal
arizona,Pac-10,0.789,16.54,7.99,76.4,67.9,17,Lost Regional Final
arizona,Pac-10,0.6,11.88,8.8,72.3,69.2,30,Lost Regional Semifinal
arizona,Pac-10,0.559,14.55,10.22,71.9,66.9,30,Lost First Round
arizona,Pac-10,0.645,16.24,10.76,78,72.5,30,Lost First Round
arizona,Pac-10,0.606,15.12,10.09,73.7,68.7,30,Lost Second Round
arizona,Pac-10,0.811,18,8.03,79.7,69.7,9,Lost Regional Final
arizona,Pac-10,0.667,15.3,6.63,87.1,78.5,22,Lost First Round
arizona,Pac-10,0.875,23.42,8.95,85.2,70.7,2,Lost Regional Final
arizona,Pac-10,0.706,16.93,12.49,82.1,77.7,7,Lost Regional Semifinal
arizona,Pac-10,0.778,26.84,12.56,81.3,66.3,5,Lost National Final
arizona,Pac-10,0.794,18.97,9.7,76.4,67.2,4,Lost Second Round
arizona,Pac-10,0.759,15.28,8.31,82.2,75.2,12,Lost First Round
arizona,Pac-10,0.857,24.58,8.38,90.8,74.6,4,Lost Regional Final
arizona,Pac-10,0.735,21.6,10.98,83.9,73.3,15,Won National Final
arizona,Pac-10,0.788,18.14,8.42,81.6,71.9,11,Lost Regional Semifinal
arkansas,SEC,0.75,14.07,6.79,77.4,70.1,21,Lost Regional Semifinal
arkansas,SEC,0.657,12.48,6.73,74.1,68.3,30,Lost Second Round
arkansas,SEC,0.6,13.77,8.75,71.1,66,30,Lost First Round
arkansas,SEC,0.688,15.01,6.17,73.7,64.9,30,Lost First Round
arkansas,SEC,0.645,16.61,6.16,79.9,69.4,30,Lost First Round
arkansas,SEC,0.559,12.37,7.76,74.4,69.8,30,Lost First Round
arkansas,SEC,0.676,12.83,6.01,78.7,71.9,17,Lost Second Round
arkansas,SEC,0.727,16.16,5.78,82.3,72.4,17,Lost Second Round
arkansas,SEC,0.606,11.67,8.09,77.6,74,30,Lost Regional Semifinal
arkansas-state,Sun Belt,0.6,3.31,-0.72,73.5,68.7,30,Lost First Round
arkansas-little-rock,Sun Belt,0.857,7.12,-1.76,71.1,60.8,30,Lost Second Round
arkansas-little-rock,Sun Belt,0.528,-4.32,-2.97,68.3,67.4,30,Lost First Round
auburn,SEC,0.647,12.68,8.34,70.8,65.7,30,Lost Regional Semifinal
auburn,SEC,0.706,13.59,8.2,71.3,64.4,24,Lost Second Round
auburn,SEC,0.879,24.54,4.93,81.2,61.6,4,Lost Regional Semifinal
austin-peay,OVC,0.5,-6.04,-2.98,76.1,76.8,30,Lost First Round
austin-peay,OVC,0.686,-2.21,-5.24,74,70.8,30,Lost First Round
austin-peay,OVC,0.742,-0.84,-1.98,71.1,67.8,30,Lost First Round
austin-peay,OVC,0.633,-0.41,-4.2,79.2,74.1,30,Lost First Round
ball-state,MAC,0.71,7.84,3.17,74.2,69,30,Lost First Round
baylor,Big 12,0.647,16.13,9.76,77.1,69.6,21,Lost First Round
baylor,Big 12,0.706,17.85,9.33,69.1,60.2,16,Lost Second Round
baylor,Big 12,0.684,15.8,10.11,74.8,67.8,23,Lost Regional Semifinal
baylor,Big 12,0.789,16.54,8.03,74.7,65.3,9,Lost Regional Final
baylor,Big 12,0.778,17.97,8.03,77,65.6,19,Lost Regional Final
baylor,Big 12,0.656,11.46,5.75,81.3,74.9,30,Lost First Round
boise-state,MWC,0.735,10.01,1.38,70.3,60.1,30,Lost First Round
boise-state,MWC,0.656,9.44,5.27,73.2,65.5,30,Lost First Round
boise-state,WAC,0.735,1.6,-2.07,81.4,75.5,30,Lost First Round
boston-college,ACC,0.647,10.36,7.23,74.4,70.5,30,Lost First Round
boston-college,ACC,0.636,13.76,9.21,74.3,69.8,30,Lost Second Round
boston-college,ACC,0.778,13.79,6.1,74.2,66.2,7,Lost Regional Semifinal
boston-college,Big East,0.833,14.38,6.41,72.5,64.5,14,Lost Second Round
boston-college,Big East,0.706,11.99,7.17,68,63.2,25,Lost Second Round
boston-college,Big East,0.625,8.95,5.91,73.6,70.5,30,Lost First Round
boston-college,Big East,0.844,17.99,5.18,79.6,66.5,7,Lost Second Round
boston-college,Big East,0.71,11.94,6.71,74.4,69.1,23,Lost Second Round
boston-college,Big East,0.633,16.93,9.23,78.2,70.5,30,Lost Second Round
boston-university,AEC,0.6,-2.48,-3.85,64.9,63.5,30,Lost Second Round
boston-university,AEC,0.688,-4.68,-7.81,67.1,64,30,Lost First Round
boston-university,AEC,0.833,2.53,-2.84,67.3,62,30,Lost First Round
bradley,MVC,0.667,11.78,5.38,71.5,65.1,30,Lost Regional Semifinal
bradley,MVC,0.733,9.71,3.55,71.2,65,30,Lost First Round
brigham-young,WCC,0.714,13.53,5.02,83.7,73.2,30,Lost First Round
brigham-young,WCC,0.657,11.63,5.72,83.7,77.3,30,Lost Second Round
brigham-young,WCC,0.743,11.25,1.55,77.9,67.4,30,Lost Second Round
brigham-young,MWC,0.865,18.65,5.76,81.4,67.9,10,Lost Regional Semifinal
brigham-young,MWC,0.833,18.82,3,83.1,66.4,17,Lost Second Round
brigham-young,MWC,0.758,15.12,4.15,77.1,65.2,30,Lost First Round
brigham-young,MWC,0.771,11.82,1.33,73.7,63.2,30,Lost First Round
brigham-young,MWC,0.735,11.38,3.95,78.1,69,24,Lost First Round
brigham-young,MWC,0.7,12.7,6.31,73.3,65.5,30,Lost First Round
brigham-young,MWC,0.719,13.63,5.29,71.8,63.5,30,Lost First Round
brigham-young,MWC,0.727,10.94,3.47,70.4,62.7,30,Lost First Round
bucknell,Patriot,0.824,6.95,-1.96,67,57.8,30,Lost Second Round
bucknell,Patriot,0.735,2.39,-3.87,70.2,63.9,30,Lost Second Round
bucknell,Patriot,0.844,7.29,-2.29,66.1,55.8,30,Lost Second Round
bucknell,Patriot,0.697,2.12,-2.19,63.5,59,30,Lost Second Round
buffalo,MAC,0.571,1.34,0.9,77.4,75.3,30,Lost First Round
buffalo,MAC,0.697,7.93,1.6,74.6,68.3,30,Lost Second Round
butler,Big East,0.667,16.46,7.55,79.9,71,30,Lost Second Round
butler,Big East,0.676,16.64,8.62,69,61,24,Lost Regional Semifinal
butler,A-10,0.75,10.99,6.08,69.3,63.9,30,Lost Regional Semifinal
butler,Horizon,0.737,11.53,5.02,71.2,64.1,30,Lost National Final
butler,Horizon,0.868,14.37,5.08,68.7,59.4,11,Lost National Final
butler,Horizon,0.813,10.07,2.07,67.8,57.9,22,Lost First Round
butler,Horizon,0.882,13,2.64,68.8,58.4,11,Lost Second Round
butler,Horizon,0.806,14.34,3.94,67.6,57.1,21,Lost Regional Semifinal
butler,Horizon,0.818,9.11,2.23,67.5,60.2,30,Lost Regional Semifinal
butler,MW Coll,0.75,12.55,3.98,69.6,60.8,30,Lost Second Round
butler,MW Coll,0.742,12.23,0.01,68,55.7,30,Lost First Round
butler,MW Coll,0.667,4.86,2.76,67.5,62.2,30,Lost First Round
butler,MW Coll,0.697,7.62,-0.16,69.7,60.7,30,Lost First Round
cal-poly,Big West,0.412,-1.34,1.69,63,63.6,30,Lost Second Round
cal-state-fullerton,Big West,0.727,5.64,-3.06,81.8,72.7,30,Lost First Round
cal-state-northridge,Big West,0.548,2.65,-0.14,73.6,70.3,30,Lost First Round
cal-state-northridge,Big Sky,0.688,5.94,0.24,82.8,75.3,30,Lost First Round
canisius,MAAC,0.633,1.13,-1.6,65.8,63,30,Lost First Round
central-connecticut-state,NEC,0.647,-3.63,-6.48,68.9,66.1,30,Lost First Round
central-connecticut-state,NEC,0.844,-1.1,-9.29,71.3,63.1,30,Lost First Round
central-connecticut-state,NEC,0.806,0.42,-9.55,73.6,63.6,30,Lost First Round
central-florida,A-Sun,0.727,-4.91,-7.78,69.8,65.2,30,Lost First Round
central-florida,A-Sun,0.806,1.86,-5.87,70.4,61.8,30,Lost First Round
central-florida,A-Sun,0.367,-10,-3.83,74.8,79.8,30,Lost First Round
central-michigan,MAC,0.781,6.85,1.79,79.8,73.3,30,Lost Second Round
charleston-southern,Big South,0.567,-6.93,-6.58,71.7,70.1,30,Lost First Round
charlotte,CUSA,0.724,9.63,3.97,77.8,72.2,30,Lost First Round
charlotte,CUSA,0.7,12.24,4.7,79.1,71.6,30,Lost First Round
charlotte,CUSA,0.6,13.61,8.68,73.5,68.6,30,Lost First Round
charlotte,CUSA,0.667,14.24,7.91,78.3,71.9,30,Lost Second Round
charlotte,CUSA,0.676,10.54,7.13,68.7,65.3,24,Lost Second Round
charlotte,CUSA,0.645,12.21,6.73,73.6,68.2,30,Lost Second Round
charlotte,CUSA,0.71,10.77,5.18,71.5,65.9,30,Lost Second Round
chattanooga,Southern,0.829,3.24,-3.46,75.8,67.5,30,Lost First Round
chattanooga,Southern,0.514,-6.25,-3.13,75.9,76.8,30,Lost First Round
chattanooga,Southern,0.645,-1.37,-3.59,72.7,65.6,30,Lost First Round
chattanooga,Southern,0.686,2.6,-5.21,76.6,65.2,30,Lost Regional Semifinal
cincinnati,AAC,0.667,15.19,5.25,73.3,63.3,30,Lost First Round
cincinnati,AAC,0.676,10.72,4.4,62.1,55.8,30,Lost Regional Semifinal
cincinnati,AAC,0.794,15.26,5.28,68.4,58.4,15,Lost Second Round
cincinnati,Big East,0.647,14.46,6.93,66.5,59,30,Lost Second Round
cincinnati,Big East,0.703,12.93,6.28,68.2,61.5,30,Lost Regional Semifinal
cincinnati,Big East,0.743,15.41,6.1,68.9,59.6,30,Lost Regional Semifinal
cincinnati,CUSA,0.758,17.64,6.74,75.9,64.5,23,Lost Second Round
cincinnati,CUSA,0.781,18.75,6.28,76.7,64.3,11,Lost Second Round
cincinnati,CUSA,0.586,12.9,7.45,67.4,61.9,30,Lost First Round
cincinnati,CUSA,0.886,24.38,6.58,78.2,60.4,5,Lost Second Round
cincinnati,CUSA,0.714,16.19,7.84,73.9,65.5,30,Lost Regional Semifinal
cincinnati,CUSA,0.879,24.62,8.5,77.6,61.5,7,Lost Second Round
cincinnati,CUSA,0.818,19.95,7.7,73.9,61.2,11,Lost Second Round
cincinnati,CUSA,0.818,17.85,4.98,76.1,63.2,9,Lost Second Round
cincinnati,CUSA,0.765,20.64,5.44,80.7,65.5,10,Lost Second Round
cincinnati,CUSA,0.848,22.11,7.69,79.6,65.2,7,Lost Regional Final
clemson,ACC,0.647,13.76,6.58,68.5,61.4,30,Lost Second Round
clemson,ACC,0.656,15.71,7.9,73.4,64.5,30,Lost First Round
clemson,ACC,0.719,15.56,6.59,78.3,68,24,Lost First Round
clemson,ACC,0.706,18.05,9.08,79.2,69.8,22,Lost First Round
clemson,ACC,0.563,17.18,10.34,72.2,65.3,30,Lost First Round
clemson,ACC,0.697,17.41,10.72,68.2,61.5,14,Lost Regional Semifinal
clemson,ACC,0.621,13.18,8.18,68,63,30,Lost First Round
cleveland-state,Horizon,0.703,6.97,2.12,66.4,59.5,30,Lost Second Round
coastal-carolina,Big South,0.706,-1.02,-6.18,71.7,62.4,30,Lost Second Round
coastal-carolina,Big South,0.618,-5.21,-6.31,72.3,68.4,30,Lost Second Round
colgate,Patriot,0.5,-4.68,-3.65,72.1,73.2,30,Lost First Round
college-of-charleston,Southern,0.903,6.02,-6.59,72.8,59.2,16,Lost First Round
college-of-charleston,A-Sun,0.8,4.44,-9.02,70.1,55.4,30,Lost First Round
college-of-charleston,A-Sun,0.906,5.85,-6.85,78.3,65.9,16,Lost Second Round
colorado,Pac-12,0.647,12.04,7.64,75.8,70.8,30,Lost First Round
colorado,Pac-12,0.657,10.8,8.8,70.2,68.2,30,Lost Second Round
colorado,Pac-12,0.636,11.95,7.95,67.6,63.6,30,Lost Second Round
colorado,Pac-12,0.667,7.91,5.73,67.5,63,30,Lost Regional Semifinal
colorado,Big 12,0.625,12.82,8.01,75.2,70.3,30,Lost First Round
colorado,Big 12,0.688,9.74,6.24,73.1,69.6,24,Lost Second Round
colorado-state,MWC,0.743,13.65,5.89,72.9,63.7,30,Lost Regional Semifinal
colorado-state,MWC,0.625,6.58,5.23,70.1,68,30,Lost Second Round
colorado-state,MWC,0.576,5.38,4.41,74.2,71.6,30,Lost First Round
connecticut,AAC,0.694,15.89,6.28,73.1,63.5,30,Lost Second Round
connecticut,AAC,0.8,17.23,8.63,71.8,63.2,18,Won National Final
connecticut,Big East,0.588,12.27,8.07,68.7,64.5,30,Lost Second Round
connecticut,Big East,0.78,17.95,10.44,72.4,64.9,9,Won National Final
connecticut,Big East,0.861,22.17,8.57,78.3,64.3,5,Lost National Semifinal
connecticut,Big East,0.727,15.54,6.76,77.5,68.7,16,Lost First Round
connecticut,Big East,0.882,21.22,6.57,81.8,67.1,2,Lost Regional Final
connecticut,Big East,0.742,18.82,7.62,78,66.8,13,Lost Second Round
connecticut,Big East,0.846,22.64,7.77,78.8,63.9,7,Won National Final
connecticut,Big East,0.697,15.84,7.63,79.5,71.2,23,Lost Regional Semifinal
connecticut,Big East,0.794,16.02,7.43,77.8,69.2,10,Lost Regional Final
connecticut,Big East,0.714,16.93,7.58,74.6,65.3,20,Lost Second Round
connecticut,Big East,0.944,24.74,8.8,77.3,61.3,3,Won National Final
connecticut,Big East,0.865,20.68,7.89,76.6,63.9,6,Lost Regional Final
connecticut,Big East,0.914,26.05,8.19,82.6,64.7,3,Lost Regional Semifinal
coppin-state,MEAC,0.432,-14.51,-6.2,59.8,66,30,Lost First Round
coppin-state,MEAC,0.71,-1.22,-7.8,79.1,72.5,30,Lost Second Round
cornell,Ivy,0.853,8.76,-0.91,76.4,64.5,30,Lost Regional Semifinal
cornell,Ivy,0.677,2.71,-4.01,73.6,64.7,30,Lost First Round
cornell,Ivy,0.786,0.76,-4.74,76.3,68.5,30,Lost First Round
creighton,Big East,0.771,18.03,7.17,78.7,67.9,16,Lost Regional Semifinal
creighton,MVC,0.778,16.44,5.16,74.4,63.2,22,Lost Regional Semifinal
creighton,MVC,0.829,12.92,3.41,79.2,69.7,19,Lost Regional Semifinal
creighton,MVC,0.667,12.57,6.24,67.3,60.9,30,Lost First Round
creighton,MVC,0.676,10.14,3.84,71.2,64.9,30,Lost First Round
creighton,MVC,0.853,15.33,1.03,79.1,64.8,15,Lost First Round
creighton,MVC,0.719,8.38,1.38,75.7,68.7,30,Lost Second Round
creighton,MVC,0.75,12.4,3,72.7,63.3,30,Lost First Round
creighton,MVC,0.697,8.28,1.64,73,66.4,30,Lost First Round
creighton,MVC,0.71,12.24,4.86,76,68.6,30,Lost Second Round
davidson,A-10,0.75,11.97,3.19,79,69.4,30,Lost Second Round
davidson,Southern,0.765,7.27,-3.45,73.2,62.1,30,Lost Second Round
davidson,Southern,0.758,7.26,-1.68,77.9,67.8,30,Lost Second Round
davidson,Southern,0.806,13.93,1.66,77.9,63.2,23,Lost Regional Final
davidson,Southern,0.853,8.31,-2.26,81.3,68.7,30,Lost First Round
davidson,Southern,0.645,1.89,-3.04,77.5,68.9,30,Lost First Round
davidson,Southern,0.677,0.6,0.71,70.7,66,30,Lost First Round
davidson,Southern,0.667,-0.71,-3.74,71.3,66.2,30,Lost First Round
dayton,A-10,0.758,11.34,4.76,72.5,65.9,30,Lost First Round
dayton,A-10,0.75,10.98,4.06,67.8,60.8,30,Lost Regional Semifinal
dayton,A-10,0.703,10.55,5.34,72.2,67,30,Lost Regional Final
dayton,A-10,0.771,7.16,1.76,66.8,61.4,30,Lost Second Round
dayton,A-10,0.727,7.11,3.57,68,64.5,30,Lost First Round
dayton,A-10,0.8,11,5.17,72.7,66.9,16,Lost First Round
dayton,A-10,0.71,9.95,3.46,71.4,64.9,30,Lost First Round
delaware,CAA,0.714,2.73,-1.1,79.5,75.7,30,Lost Second Round
delaware,AEC,0.806,1.64,-7.88,77.2,67.7,30,Lost First Round
delaware,AEC,0.667,-1.92,-3.42,73,70.4,30,Lost First Round
delaware-state,MEAC,0.576,-6.68,-6.89,61.9,61.7,30,Lost First Round
depaul,CUSA,0.688,9.06,6.38,70.5,67.8,30,Lost Second Round
depaul,CUSA,0.636,14.67,7.83,72.3,64.3,30,Lost First Round
detroit-mercy,Horizon,0.611,2.4,-0.01,72.1,67.6,30,Lost Second Round
detroit-mercy,MW Coll,0.806,8.12,-0.14,63.4,55.3,30,Lost Second Round
detroit-mercy,MW Coll,0.806,9.86,0.48,74.6,63.1,30,Lost Second Round
drake,MVC,0.848,14.08,4.15,73.9,62.1,14,Lost First Round
drexel,NAC,0.871,10.97,-5.06,82.6,66.3,30,Lost Second Round
duke,ACC,0.694,19.23,10.59,81.1,72.5,19,Lost Regional Semifinal
duke,ACC,0.897,24.97,9.87,79.3,64.2,4,Won National Final
duke,ACC,0.743,19.51,8.48,78.4,67.4,8,Lost Second Round
duke,ACC,0.833,21.43,9.54,77.2,65.3,6,Lost Regional Final
duke,ACC,0.794,17.05,8.4,77.3,68.6,8,Lost Second Round
duke,ACC,0.865,24.51,8.32,80.9,64.7,3,Lost Regional Semifinal
duke,ACC,0.875,25.21,9.21,77,61,3,Won National Final
duke,ACC,0.811,20.1,9.07,77.5,65.9,6,Lost Regional Semifinal
duke,ACC,0.824,21.52,9.28,83.2,69.4,9,Lost Second Round
duke,ACC,0.667,18.85,10.49,70.4,62,30,Lost First Round
duke,ACC,0.889,21.77,8.77,81.1,68.1,1,Lost Regional Semifinal
duke,ACC,0.818,23.01,10.04,78.2,65.2,3,Lost Regional Semifinal
duke,ACC,0.838,25.67,10.86,79.8,65,6,Lost National Semifinal
duke,ACC,0.788,19.86,8.38,81.1,69.6,7,Lost Regional Semifinal
duke,ACC,0.886,28.91,9.16,88.9,69.2,1,Lost Regional Semifinal
duke,ACC,0.897,32.18,11.98,90.7,70.5,1,Won National Final
duke,ACC,0.853,25.55,8.88,88,71.3,1,Lost Regional Semifinal
duke,ACC,0.949,34.8,10.14,91.8,67.2,1,Lost National Final
duke,ACC,0.889,29.56,9.33,85.6,64.1,3,Lost Regional Final
duke,ACC,0.727,22.72,9.27,79.7,66.2,8,Lost Second Round
duke,ACC,0.581,16.06,10.48,75.4,69.8,30,Lost First Round
east-tennessee-state,A-Sun,0.571,-0.83,-1.47,69.3,67.5,30,Lost First Round
east-tennessee-state,A-Sun,0.676,3.21,-1.87,78.1,70.1,30,Lost First Round
east-tennessee-state,Southern,0.818,4.19,-3.15,79.3,69.4,30,Lost First Round
east-tennessee-state,Southern,0.645,-0.9,-2.94,82,75.2,30,Lost First Round
eastern-illinois,OVC,0.677,0.99,-2.46,82.7,78.7,30,Lost First Round
eastern-kentucky,OVC,0.706,0.6,-4.34,78.7,70.9,30,Lost Second Round
eastern-kentucky,OVC,0.636,-4.19,-5.28,65.2,63.3,30,Lost First Round
eastern-kentucky,OVC,0.71,-2.68,-5.18,72.8,67,30,Lost First Round
eastern-michigan,MAC,0.667,6.7,2.67,79.8,75.5,30,Lost First Round
eastern-michigan,MAC,0.806,11.54,3.71,83.7,74.3,30,Lost Second Round
eastern-washington,Big Sky,0.743,0.79,-3.84,80.6,73.9,30,Lost Second Round
eastern-washington,Big Sky,0.567,0.83,-0.34,70.1,67.8,30,Lost First Round
evansville,MVC,0.697,5.89,3.73,75.8,71.8,30,Lost First Round
fairfield,MAAC,0.367,-5.11,-2.31,66.4,69.2,30,Lost First Round
fairleigh-dickinson,NEC,0.606,-4.13,-6.91,73.7,70,30,Lost First Round
fairleigh-dickinson,NEC,0.767,2.9,-5.38,83.7,75.1,30,Lost First Round
florida-am,MEAC,0.6,-9.73,-7.49,70.5,70.5,30,Lost First Round
florida-am,MEAC,0.469,-9.85,-7.94,72.2,74.1,30,Lost First Round
florida-am,MEAC,0.387,-14.63,-9.79,72.6,77.5,30,Lost First Round
florida-atlantic,A-Sun,0.613,-3.95,-5.33,74.3,72.1,30,Lost First Round
florida,SEC,0.923,20.69,8.54,69.9,57.8,1,Lost National Semifinal
florida,SEC,0.784,23.86,6.83,71.4,54.4,14,Lost Regional Final
florida,SEC,0.703,18.25,7.33,75.9,65,25,Lost Regional Final
florida,SEC,0.784,16.27,7.57,72.1,63.4,15,Lost Regional Final
florida,SEC,0.618,11.89,7.16,72.2,66.4,30,Lost First Round
florida,SEC,0.875,23.82,7.34,79.8,62.6,3,Won National Final
florida,SEC,0.846,20.21,5.49,78.3,63.5,11,Won National Final
florida,SEC,0.75,20.18,7.12,76.2,63.1,16,Lost Second Round
florida,SEC,0.645,16.29,9.19,76.4,69.3,30,Lost First Round
florida,SEC,0.758,18.54,7.76,75.3,64.5,10,Lost Second Round
florida,SEC,0.71,22.27,8.37,80.5,66.6,15,Lost First Round
florida,SEC,0.774,21.32,7.51,80.9,67.1,8,Lost Second Round
florida,SEC,0.784,23.48,8.51,83.8,68.9,13,Lost National Final
florida,SEC,0.71,15.69,5.63,80.3,70.2,23,Lost Regional Semifinal
florida-state,ACC,0.714,14.53,7.62,69.8,62.9,10,Lost Regional Semifinal
florida-state,ACC,0.676,13.48,6.45,69.1,62,30,Lost Regional Semifinal
florida-state,ACC,0.688,14.64,6.79,68.2,60.4,30,Lost First Round
florida-state,ACC,0.714,11.37,7.91,68.3,64.9,16,Lost First Round
florida-state,ACC,0.563,12.92,10.77,71.5,69.3,30,Lost Second Round
fresno-state,MWC,0.714,5.27,2.24,75.1,70.7,30,Lost First Round
fresno-state,WAC,0.788,15.66,5.14,81.5,71,30,Lost Second Round
fresno-state,WAC,0.706,9.17,3.58,82.3,76.7,30,Lost First Round
george-mason,CAA,0.794,11.66,1.37,72.8,62.5,30,Lost Regional Semifinal
george-mason,CAA,0.676,6.07,-0.75,69.3,62.5,30,Lost First Round
george-mason,CAA,0.771,12.11,2.77,69.4,60.1,30,Lost National Semifinal
george-mason,CAA,0.6,5.12,-0.35,70.9,65.4,30,Lost First Round
george-mason,CAA,0.633,4.52,-0.93,73.8,67.7,30,Lost First Round
george-washington,A-10,0.727,10.6,4.42,73.2,67,30,Lost Second Round
george-washington,A-10,0.719,5.61,0.64,70.2,64.6,30,Lost First Round
george-washington,A-10,0.9,9.63,-0.33,78.7,67.5,14,Lost Second Round
george-washington,A-10,0.733,10.62,1.05,76.9,67.4,30,Lost First Round
george-washington,A-10,0.69,10.99,5.47,79.5,74,30,Lost First Round
george-washington,A-10,0.727,9.91,4.76,73.2,68,30,Lost First Round
george-washington,A-10,0.724,8.99,3.61,78,72.7,30,Lost First Round
georgetown,Big East,0.667,15.48,9.81,70.9,65.2,22,Lost Regional Semifinal
georgetown,Big East,0.781,15.84,7.59,64.7,56.4,8,Lost Second Round
georgetown,Big East,0.727,16.81,7.69,69,59.4,15,Lost Regional Semifinal
georgetown,Big East,0.656,14.61,10.39,70.6,66.3,30,Lost Second Round
georgetown,Big East,0.676,17.03,9.56,73.5,66.1,14,Lost First Round
georgetown,Big East,0.824,18.73,7.23,69.6,58.1,8,Lost Second Round
georgetown,Big East,0.811,19.62,9.48,69.1,58,8,Lost National Semifinal
georgetown,Big East,0.697,13.98,6.92,66,58.9,23,Lost Regional Semifinal
georgetown,Big East,0.758,12.07,1.58,78,67.5,21,Lost Regional Semifinal
georgetown,Big East,0.667,10.88,5.85,69.4,62.9,30,Lost First Round
georgetown,Big East,0.784,22.63,9.83,83.3,68.8,4,Lost Regional Final
georgia,SEC,0.636,12.42,8.6,68.2,64.4,30,Lost Second Round
georgia,SEC,0.636,10.43,6.13,68.7,64.4,30,Lost Second Round
georgia,SEC,0.5,7.24,7.03,68.1,67.4,30,Lost First Round
georgia,SEC,0.688,14.68,9.24,76.4,71,23,Lost Second Round
georgia,SEC,0.516,12.67,12.71,72.8,72.8,30,Lost First Round
georgia,SEC,0.727,13,6.94,72,65.9,17,Lost First Round
georgia,SEC,0.677,19.3,8.14,79.2,68.1,30,Lost Regional Semifinal
georgia-state,Sun Belt,0.714,5.47,-2.03,71.4,62.4,30,Lost Regional Semifinal
georgia-state,A-Sun,0.853,5.25,-3.72,79.4,68.7,30,Lost Second Round
georgia-tech,ACC,0.639,14.11,9.02,72.8,65.7,30,Lost Second Round
georgia-tech,ACC,0.625,17.17,9.36,78.6,69.4,30,Lost First Round
georgia-tech,ACC,0.625,17.21,9.78,74.1,66.7,25,Lost Second Round
georgia-tech,ACC,0.737,20.66,11.21,76.6,67.2,14,Lost National Final
georgia-tech,ACC,0.567,14.51,11.78,75.6,72.9,30,Lost First Round
georgia-tech,ACC,0.667,16.96,12.71,80.2,76,13,Lost Regional Semifinal
gonzaga,WCC,0.778,16.92,4.23,78.9,65.6,30,Lost Regional Semifinal
gonzaga,WCC,0.921,21.12,5.12,78.7,61.7,7,Lost Regional Final
gonzaga,WCC,0.806,15.56,5.36,76.7,65.9,30,Lost Regional Semifinal
gonzaga,WCC,0.914,20.47,4.18,77,59.9,1,Lost Regional Semifinal
gonzaga,WCC,0.788,13.86,3.25,73.8,63.2,30,Lost Regional Semifinal
gonzaga,WCC,0.714,13.86,4.01,76.7,65.9,30,Lost Regional Semifinal
gonzaga,WCC,0.794,12.11,3.83,76.9,67.4,22,Lost Second Round
gonzaga,WCC,0.824,17.95,3.55,78.9,63,10,Lost Regional Semifinal
gonzaga,WCC,0.758,14.81,2.15,76.5,63.8,24,Lost First Round
gonzaga,WCC,0.676,12.15,3.77,78.5,70.1,30,Lost First Round
gonzaga,WCC,0.879,12.32,5.02,80.1,72.8,5,Lost Regional Semifinal
gonzaga,WCC,0.839,13.3,4.37,79.2,69.6,10,Lost Second Round
gonzaga,WCC,0.903,18.94,3.32,81.8,66.2,3,Lost Second Round
gonzaga,WCC,0.727,12.26,3.8,77.5,69.1,30,Lost Second Round
gonzaga,WCC,0.879,13.9,0.74,81.1,66.6,6,Lost First Round
gonzaga,WCC,0.788,12.57,0.32,82.4,68.8,30,Lost Regional Semifinal
gonzaga,WCC,0.743,16.38,4.64,77.7,65.9,30,Lost Regional Semifinal
gonzaga,WCC,0.8,15.03,2.21,78.4,65.1,30,Lost Regional Final
green-bay,Horizon,0.639,1.16,-0.67,83.7,80,30,Lost First Round
green-bay,MW Coll,0.862,8.05,-0.88,64.8,55.9,30,Lost First Round
hampton,MEAC,0.656,-8.74,-8.45,73.8,74.1,30,Lost First Round
hampton,MEAC,0.486,-8.25,-7.08,67,68.2,30,Lost Second Round
hampton,MEAC,0.727,-5.2,-8.77,66.6,62.7,30,Lost Second Round
hampton,MEAC,0.5,-10.17,-12.56,66.3,64,30,Lost First Round
hampton,MEAC,0.788,-0.4,-8.9,79.5,71,30,Lost First Round
hampton,MEAC,0.781,-3.67,-10.6,77.2,70.2,30,Lost Second Round
harvard,Ivy,0.733,4.47,-0.25,64.2,57.6,30,Lost Second Round
harvard,Ivy,0.844,10.79,-0.47,73.2,61,30,Lost Regional Semifinal
harvard,Ivy,0.667,3.95,0.16,68.3,64.1,30,Lost Regional Semifinal
harvard,Ivy,0.839,7.84,-1.56,65.6,55.6,30,Lost Second Round
hawaii,Big West,0.824,9.03,-1.04,77.1,66.7,30,Lost Second Round
hawaii,WAC,0.818,9.81,1.15,71.7,63.1,25,Lost First Round
hawaii,WAC,0.548,6.89,7.25,72.7,73.1,30,Lost First Round
hofstra,AEC,0.839,5.11,-5.47,72.8,62.2,30,Lost First Round
hofstra,AEC,0.774,5.23,-6.03,74.4,63.2,30,Lost First Round
holy-cross,Patriot,0.429,-11.2,-6.11,64.8,69.9,30,Lost First Round
holy-cross,Patriot,0.735,3.32,-3.06,63.9,57.5,30,Lost First Round
holy-cross,Patriot,0.839,5.26,-5.38,70.3,58.7,30,Lost First Round
holy-cross,Patriot,0.545,-1.62,-5.1,63.1,59.6,30,Lost First Round
holy-cross,Patriot,0.733,-0.31,-5.84,67.8,62.3,30,Lost First Round
houston,CUSA,0.543,6.74,3.48,78.6,75,30,Lost First Round
illinois,Big Ten,0.639,13.23,10.08,68.5,64.8,30,Lost Regional Semifinal
illinois,Big Ten,0.588,16.72,11.11,71,65.4,30,Lost Regional Semifinal
illinois,Big Ten,0.706,14.38,6.73,64.8,57.2,30,Lost First Round
illinois,Big Ten,0.657,14.18,7.09,64.1,57.1,30,Lost First Round
illinois,Big Ten,0.788,17.2,6.29,70,58.7,13,Lost Second Round
illinois,Big Ten,0.949,24.1,8.47,77,61.1,1,Lost National Final
illinois,Big Ten,0.788,16.93,7.08,72.8,62.9,13,Lost Regional Semifinal
illinois,Big Ten,0.781,19.82,6.76,74.6,61.6,11,Lost Second Round
illinois,Big Ten,0.743,19.2,9.94,77.4,67.7,13,Lost Regional Semifinal
illinois,Big Ten,0.771,23.32,11.38,77.9,65.9,4,Lost Regional Final
illinois,Big Ten,0.688,19.73,9.6,75.8,65.6,21,Lost Second Round
illinois,Big Ten,0.697,15.21,8.97,69.7,63.5,22,Lost Second Round
illinois,Big Ten,0.688,15.64,7.79,76.5,68.7,19,Lost Second Round
illinois-state,MVC,0.806,9.63,3.4,76.2,69.1,30,Lost Second Round
illinois-state,MVC,0.8,10.81,2.28,74.2,65.7,30,Lost First Round
illinois-chicago,Horizon,0.75,6,-0.47,69.5,63,30,Lost First Round
illinois-chicago,Horizon,0.588,1.45,1.42,73.6,70.6,30,Lost First Round
illinois-chicago,MW Coll,0.786,9.2,0.67,74.6,66.1,30,Lost First Round
indiana,Big Ten,0.771,19.59,6.9,82.6,69.9,14,Lost Regional Semifinal
indiana,Big Ten,0.588,12.94,7.2,77.4,71.7,30,Lost Second Round
indiana,Big Ten,0.806,24.9,8.38,78.6,62.1,4,Lost Regional Semifinal
indiana,Big Ten,0.75,18.63,7.8,77.3,66.4,16,Lost Regional Semifinal
indiana,Big Ten,0.758,15.78,6.08,75,65.3,30,Lost First Round
indiana,Big Ten,0.656,16.78,8.35,70.2,61.8,30,Lost Second Round
indiana,Big Ten,0.613,12.1,7.36,72,67.2,30,Lost Second Round
indiana,Big Ten,0.618,12.63,9.81,69.9,67.1,30,Lost Second Round
indiana,Big Ten,0.676,19.19,12.08,70.5,62.6,30,Lost National Final
indiana,Big Ten,0.618,17.58,11.05,70.8,64.3,20,Lost First Round
indiana,Big Ten,0.69,19.43,10.22,77.7,68.4,22,Lost First Round
indiana,Big Ten,0.676,17.21,11.36,75.4,69.6,19,Lost Second Round
indiana,Big Ten,0.625,14.18,10.71,76.8,73.3,30,Lost Second Round
indiana,Big Ten,0.667,13.95,9.4,72.6,68.1,30,Lost First Round
indiana,Big Ten,0.613,17.61,10.87,75.8,69.1,30,Lost First Round
indiana-state,MVC,0.588,3.41,2.9,66.3,64.5,30,Lost Second Round
indiana-state,MVC,0.647,6.95,2.5,72.9,67.8,30,Lost Second Round
indiana-state,MVC,0.688,6.54,3.22,66.8,63.4,30,Lost First Round
iona,MAAC,0.667,3.59,-1.78,79.6,74.3,30,Lost First Round
iona,MAAC,0.588,4.04,-0.02,80.4,76.3,30,Lost Second Round
iona,MAAC,0.758,8.36,-1.82,82.9,72.7,30,Lost First Round
iona,MAAC,0.742,6.86,-0.78,79.8,72.2,30,Lost First Round
iona,MAAC,0.667,0.25,-4.09,77.2,72,30,Lost First Round
iona,MAAC,0.645,-1.22,-4.13,78.8,75.9,30,Lost First Round
iona,MAAC,0.818,8.56,-2.07,80.4,69.5,30,Lost First Round
iowa,Big Ten,0.667,17.01,8.71,77.6,69.3,25,Lost Second Round
iowa,Big Ten,0.647,15.83,8.39,69.8,62.3,30,Lost Regional Semifinal
iowa,Big Ten,0.606,18.58,7.43,81.5,70.3,30,Lost First Round
iowa,Big Ten,0.735,14.18,6.8,66.3,58.9,15,Lost First Round
iowa,Big Ten,0.636,14.97,9.34,72.9,67.3,30,Lost First Round
iowa,Big Ten,0.657,14.24,10.7,74.1,70.5,24,Lost Second Round
iowa,Big Ten,0.667,15.36,11.43,73.9,70,21,Lost Regional Semifinal
iowa,Big Ten,0.688,16.84,8.9,72.3,63.7,30,Lost Second Round
iowa,Big Ten,0.719,18.65,6.9,79.6,67.9,21,Lost Second Round
iowa-state,Big 12,0.657,16.93,10.16,81.8,75,22,Lost Regional Semifinal
iowa-state,Big 12,0.735,17.94,9.15,77.8,69,9,Lost Second Round
iowa-state,Big 12,0.778,18.52,9.88,83,74.4,9,Lost Regional Semifinal
iowa-state,Big 12,0.657,14.5,6.13,79.4,71,30,Lost Regional Semifinal
iowa-state,Big 12,0.676,13.32,7.32,73.2,67.2,30,Lost Regional Semifinal
iowa-state,Big 12,0.613,11.37,8.4,68.1,64.7,30,Lost Second Round
iowa-state,Big 12,0.806,15.9,4.87,79.1,68.2,10,Lost First Round
iowa-state,Big 12,0.865,19.08,7.14,78.3,65.1,6,Lost Regional Final
iowa-state,Big 12,0.71,13.43,6.3,67.5,60.4,18,Lost Regional Semifinal
iowa-state,Big 8,0.727,10.9,7.24,67.4,63.4,17,Lost Second Round
jackson-state,SWAC,0.6,-12.28,-9.94,71.1,73.5,30,Lost First Round
jackson-state,SWAC,0.515,-12.19,-10.38,66.8,68.2,30,Lost First Round
jackson-state,SWAC,0.467,-11.49,-7.46,71.3,74.9,30,Lost First Round
james-madison,CAA,0.583,-1.73,-2.28,65.2,64.6,30,Lost Second Round
kansas,Big 12,0.868,23.87,11.22,81.3,67.6,1,Lost Regional Final
kansas,Big 12,0.75,18.47,12.13,71.1,64.8,10,Lost Regional Semifinal
kansas,Big 12,0.714,20.25,11.4,79,70.1,10,Lost Regional Semifinal
kansas,Big 12,0.838,20.79,7.54,75.2,61.9,3,Lost Regional Semifinal
kansas,Big 12,0.821,21.72,9.93,73.5,61.7,6,Lost National Final
kansas,Big 12,0.921,24.1,7.62,81.2,64.7,2,Lost Regional Final
kansas,Big 12,0.917,24.68,8.25,81.6,64.2,1,Lost Second Round
kansas,Big 12,0.771,18.02,7.9,76.4,65.4,14,Lost Regional Semifinal
kansas,Big 12,0.925,26.9,8.2,80.5,61.5,4,Won National Final
kansas,Big 12,0.868,22.62,6.86,78.4,61.7,2,Lost Regional Final
kansas,Big 12,0.758,20.02,7.6,75.2,61.3,12,Lost First Round
kansas,Big 12,0.767,20.68,10.85,75,65.2,12,Lost First Round
kansas,Big 12,0.727,17.1,9.44,75.8,67.2,16,Lost Regional Final
kansas,Big 12,0.789,25,10.53,82.7,66.9,6,Lost National Final
kansas,Big 12,0.892,24.38,9.35,90.9,74.7,2,Lost National Semifinal
kansas,Big 12,0.788,20.23,9.03,82,69.3,12,Lost Regional Semifinal
kansas,Big 12,0.706,17.94,9.79,78.7,70.1,30,Lost Second Round
kansas,Big 12,0.697,16.23,9.1,72.1,64.5,22,Lost Second Round
kansas,Big 12,0.897,22.85,6.54,84.6,67.4,2,Lost Second Round
kansas,Big 12,0.944,26.6,7.94,84.9,66.1,1,Lost Regional Semifinal
kansas,Big 8,0.853,21.39,7.24,80.6,65.3,4,Lost Regional Final
kansas-state,Big 12,0.606,12.14,8.47,69.1,65.4,30,Lost Second Round
kansas-state,Big 12,0.771,13.53,6.53,69,60.4,12,Lost Second Round
kansas-state,Big 12,0.667,14.47,7.53,71,64.1,30,Lost Regional Semifinal
kansas-state,Big 12,0.676,14.59,8.41,72.9,66.1,21,Lost Regional Semifinal
kansas-state,Big 12,0.784,19.88,10.28,79.7,69.8,7,Lost Regional Final
kansas-state,Big 12,0.636,15.79,7.79,78,68.9,30,Lost Second Round
kansas-state,Big 8,0.586,7.75,7.72,67.9,67.7,30,Lost First Round
kent-state,MAC,0.8,7.47,0.41,68.9,61.9,30,Lost First Round
kent-state,MAC,0.735,6.27,0,72.3,65.9,30,Lost First Round
kent-state,MAC,0.833,13.67,2.1,75.9,64,30,Lost Regional Final
kent-state,MAC,0.706,8.69,1.44,70.3,62.3,30,Lost Second Round
kent-state,MAC,0.767,7.27,2.77,71.9,63.5,30,Lost First Round
kentucky,SEC,0.75,20.23,8.84,79.5,68.1,10,Lost Second Round
kentucky,SEC,0.974,28.72,8.67,74.4,54.3,1,Lost National Semifinal
kentucky,SEC,0.725,18.07,9.9,74.8,66.6,30,Lost National Final
kentucky,SEC,0.95,24.73,7.93,77.4,60.6,1,Won National Final
kentucky,SEC,0.763,20.3,8.91,74.9,63.5,11,Lost National Semifinal
kentucky,SEC,0.921,21.13,6.82,79.3,64.9,2,Lost Regional Final
kentucky,SEC,0.581,9.19,7.09,68.5,65.6,30,Lost First Round
kentucky,SEC,0.647,17.12,11.41,73.4,67.7,30,Lost Second Round
kentucky,SEC,0.629,13.12,8.88,70.8,66.2,30,Lost Second Round
kentucky,SEC,0.824,19.16,8.1,73.6,62.6,7,Lost Regional Final
kentucky,SEC,0.844,18.83,8.55,73.9,63.6,2,Lost Second Round
kentucky,SEC,0.889,22.47,9.33,77.3,64.1,1,Lost Regional Final
kentucky,SEC,0.688,19.15,11.99,76.9,68.2,16,Lost Regional Semifinal
kentucky,SEC,0.706,20.27,11.06,79.8,70.6,9,Lost Regional Semifinal
kentucky,SEC,0.697,18.52,12.71,69.1,62.8,19,Lost Second Round
kentucky,SEC,0.757,22.63,9.93,75.4,62.7,8,Lost Regional Final
kentucky,SEC,0.897,22.95,9.85,80.1,67,5,Won National Final
kentucky,SEC,0.875,29.23,9.2,83.1,62.8,5,Lost National Final
kentucky,SEC,0.944,32.14,10.06,91.4,69.4,2,Won National Final
la-salle,A-10,0.706,10.14,4.46,72.1,66.4,30,Lost Regional Semifinal
lafayette,Patriot,0.606,-3.37,-3.12,73.5,73,30,Lost Second Round
lafayette,Patriot,0.774,0.42,-8.07,73.5,64.1,30,Lost First Round
lafayette,Patriot,0.733,-2.64,-7.17,72.2,66.2,30,Lost First Round
lamar,Southland,0.657,2.41,-3.77,73.5,65.6,30,Lost First Round
lamar,Southland,0.484,-6.16,-3.84,62.9,65.2,30,Lost First Round
lehigh,Patriot,0.771,4.27,-5.14,75.7,65.4,30,Lost Regional Semifinal
lehigh,Patriot,0.667,-3.33,-7.79,75.1,70.6,30,Lost First Round
lehigh,Patriot,0.645,-7.3,-8.88,67.2,63.7,30,Lost First Round
liberty,Big South,0.417,-9.13,-5.8,69.1,70,30,Lost First Round
liberty,Big South,0.545,-3.12,-4.22,69.2,67.4,30,Lost First Round
long-beach-state,Big West,0.735,9.52,0.87,73.8,64,30,Lost Second Round
long-beach-state,Big West,0.75,2.24,-2.07,80.5,75.3,30,Lost First Round
long-island-university,NEC,0.588,-3.21,-5.8,78.7,76.1,30,Lost First Round
long-island-university,NEC,0.735,-1.34,-5.1,81.4,77.7,30,Lost Second Round
long-island-university,NEC,0.818,2.23,-5.77,82.7,74.7,30,Lost Second Round
long-island-university,NEC,0.7,3.76,-4.2,91.5,83.6,30,Lost First Round
louisiana-state,SEC,0.667,11.39,5.63,73.4,67.7,30,Lost Second Round
louisiana-state,SEC,0.771,11.87,3.27,74.8,66.2,21,Lost Second Round
louisiana-state,SEC,0.75,17.54,8.77,73.1,63.9,19,Lost National Semifinal
louisiana-state,SEC,0.667,11.6,7.77,75.2,71.4,30,Lost First Round
louisiana-state,SEC,0.656,16.08,6.83,72.7,63.4,30,Lost First Round
louisiana-state,SEC,0.824,18.9,5.78,75.8,62.7,10,Lost Regional Semifinal
louisiana-lafayette,Sun Belt,0.657,2.91,-0.28,81,75.2,30,Lost Second Round
louisiana-lafayette,Sun Belt,0.645,5.71,1.91,72.2,68,30,Lost First Round
louisiana-lafayette,Sun Belt,0.69,6.24,0.42,77,69,30,Lost First Round
louisiana-lafayette,Sun Belt,0.735,2.37,-1.58,71.8,67.7,30,Lost First Round
louisiana-monroe,Southland,0.533,-2.52,-3.63,77.3,75.2,30,Lost First Round
louisville,ACC,0.75,18.12,8.98,69,59.8,17,Lost Regional Final
louisville,AAC,0.838,24.69,4.8,81,61.1,5,Lost Regional Semifinal
louisville,Big East,0.875,24.81,9.13,74.5,58.8,2,Won National Final
louisville,Big East,0.75,16.19,9.02,68.2,61,17,Lost National Semifinal
louisville,Big East,0.714,18.6,8.2,74.9,64.5,14,Lost Second Round
louisville,Big East,0.606,14.08,7.99,75.9,69.8,30,Lost First Round
louisville,Big East,0.838,20.87,8.41,74.3,61.8,1,Lost Regional Final
louisville,Big East,0.75,19,8,72.5,61.5,13,Lost Regional Final
louisville,Big East,0.706,16.08,7.69,71.6,63.1,16,Lost Second Round
louisville,CUSA,0.868,22.57,6.18,80.7,64.1,4,Lost National Semifinal
louisville,CUSA,0.667,18.6,6.97,73.2,61.5,30,Lost First Round
louisville,CUSA,0.781,19.81,6.84,81.6,68.7,14,Lost Second Round
louisville,CUSA,0.613,14.93,8.76,73.2,66.2,30,Lost First Round
louisville,CUSA,0.633,15.22,8.12,76.9,69.8,30,Lost First Round
louisville,CUSA,0.743,12.01,7.76,75.2,70.9,25,Lost Regional Final
louisville,CUSA,0.647,15.18,9.84,76.5,71.2,24,Lost Regional Semifinal
loyola-md,MAAC,0.727,0.37,-2.72,67.3,64.2,30,Lost Second Round
manhattan,MAAC,0.576,-1.34,-3.34,69.7,67.7,30,Lost First Round
manhattan,MAAC,0.758,6.04,-0.9,77,70,30,Lost Second Round
manhattan,MAAC,0.806,9.29,-1.26,74.5,64,30,Lost Second Round
manhattan,MAAC,0.767,5.78,-1.99,75.8,68,30,Lost First Round
marquette,Big East,0.743,14.04,8.58,68.1,62.6,15,Lost Regional Final
marquette,Big East,0.771,16.92,7.5,75.4,65.9,11,Lost Regional Semifinal
marquette,Big East,0.595,14.89,8.51,75.2,68.8,30,Lost Regional Semifinal
marquette,Big East,0.647,15.17,8.23,73.1,64.6,30,Lost First Round
marquette,Big East,0.714,15.06,7.87,78.3,69.5,23,Lost Second Round
marquette,Big East,0.714,18.62,8.09,75.9,64.8,25,Lost Second Round
marquette,Big East,0.706,14.14,6.95,71.9,64.9,20,Lost First Round
marquette,Big East,0.645,11.33,8.16,75,69.4,30,Lost First Round
marquette,CUSA,0.818,16.28,7.28,78.5,69.5,9,Lost National Semifinal
marquette,CUSA,0.788,17.16,4.77,73.1,60.7,12,Lost First Round
marquette,CUSA,0.71,13.44,3.18,68,57.8,30,Lost First Round
marquette,CUSA,0.742,14.45,4.93,72.9,63.4,20,Lost Second Round
maryland,Big Ten,0.75,16.71,8.31,75.7,66.7,18,Lost Regional Semifinal
maryland,Big Ten,0.8,13.32,7.63,69.1,63.4,12,Lost Regional Semifinal
maryland,ACC,0.727,17.75,7.95,79.7,68.3,20,Lost Second Round
maryland,ACC,0.6,11.1,8.99,71.8,69.1,30,Lost Second Round
maryland,ACC,0.735,19.06,7.59,79,67.5,18,Lost Second Round
maryland,ACC,0.625,16.96,11.68,77.4,72.1,19,Lost Second Round
maryland,ACC,0.677,20.56,7.56,79.7,66.7,17,Lost Regional Semifinal
maryland,ACC,0.889,23.5,9.38,85,70.9,4,Won National Final
maryland,ACC,0.694,23.82,10.99,85.2,72.4,11,Lost National Semifinal
maryland,ACC,0.714,17.93,9.44,76.7,68.2,17,Lost Second Round
maryland,ACC,0.824,26.19,9.1,84.5,66.4,5,Lost Regional Semifinal
maryland,ACC,0.656,18.79,12.1,78.8,72.1,20,Lost Regional Semifinal
maryland,ACC,0.656,17.74,9.3,75.2,66.8,22,Lost First Round
maryland,ACC,0.567,15,9.94,81.3,76.3,30,Lost First Round
maryland-baltimore-county,AEC,0.727,0.06,-4.53,74.2,68.4,30,Lost First Round
massachusetts,A-10,0.727,10.61,6,75.8,71.2,30,Lost Second Round
massachusetts,A-10,0.656,11.99,7.27,69.7,65,30,Lost First Round
massachusetts,A-10,0.576,10.63,9.13,66.4,64.6,30,Lost First Round
massachusetts,A-10,0.946,21.38,8.92,74.8,62.4,1,Lost National Semifinal
mcneese-state,Southland,0.7,-0.59,-5.8,70.1,63.6,30,Lost First Round
memphis,AAC,0.706,13.02,7.14,76.9,70.5,30,Lost Regional Semifinal
memphis,CUSA,0.861,12.26,2.7,74.5,64.9,19,Lost Regional Semifinal
memphis,CUSA,0.743,16.86,5.26,74.7,63.1,30,Lost Second Round
memphis,CUSA,0.714,6.91,3.14,72.1,68.3,30,Lost Second Round
memphis,CUSA,0.892,20.92,4.63,75.1,58.8,3,Lost Regional Semifinal
memphis,CUSA,0.95,23.73,5.76,79.9,61.9,2,Lost National Final
memphis,CUSA,0.892,19.72,3.91,78.9,63.1,5,Lost Regional Final
memphis,CUSA,0.892,18.81,4.24,80,65.5,4,Lost Regional Final
memphis,CUSA,0.733,13.06,5.96,72.4,65.3,24,Lost Second Round
memphis,CUSA,0.767,13.23,5.27,74.4,66.4,19,Lost First Round
memphis,CUSA,0.733,14.35,6.58,73.5,65.7,16,Lost First Round
mercer,A-Sun,0.75,5.33,-3.42,78.8,66.9,30,Lost Regional Semifinal
miami-fl,ACC,0.771,18.52,10.69,75.2,67.4,10,Lost Regional Semifinal
miami-fl,ACC,0.806,16.99,7.88,69.7,60.6,5,Lost Regional Semifinal
miami-fl,ACC,0.676,12.38,7.13,74.8,67.9,30,Lost Second Round
miami-fl,Big East,0.75,12.99,5.52,74.8,67.4,21,Lost First Round
miami-fl,Big East,0.676,11.83,5.39,69,62.6,23,Lost Regional Semifinal
miami-fl,Big East,0.767,16.78,9.18,72.6,65,10,Lost Second Round
miami-fl,Big East,0.643,10.87,6.37,70.1,65.6,30,Lost First Round
miami-oh,MAC,0.545,4.81,2.78,59.5,57.4,30,Lost First Round
miami-oh,MAC,0.75,11.67,4.48,67.6,60.4,30,Lost Regional Semifinal
miami-oh,MAC,0.7,9,0.63,73.4,65,30,Lost First Round
michigan-state,Big Ten,0.829,22.59,6.94,79.8,64.1,2,Lost First Round
michigan-state,Big Ten,0.692,17.46,10,71.1,63.6,23,Lost National Semifinal
michigan-state,Big Ten,0.763,19.35,9.38,75.5,65.6,11,Lost Regional Final
michigan-state,Big Ten,0.75,18.64,10.55,68,59.1,9,Lost Regional Semifinal
michigan-state,Big Ten,0.784,21.32,9.82,71.6,59.3,5,Lost Regional Semifinal
michigan-state,Big Ten,0.559,13.7,11.67,68.8,66.6,30,Lost Second Round
michigan-state,Big Ten,0.757,15.33,8.17,71.8,63.8,13,Lost National Semifinal
michigan-state,Big Ten,0.816,17.71,9.37,72,63.7,8,Lost National Final
michigan-state,Big Ten,0.75,16.32,7.68,71.2,62.6,18,Lost Regional Semifinal
michigan-state,Big Ten,0.657,16.3,8.45,65,57.2,30,Lost Second Round
michigan-state,Big Ten,0.647,12.24,7.27,74.1,68.6,30,Lost First Round
michigan-state,Big Ten,0.788,20.47,7.41,78.5,65.4,15,Lost National Semifinal
michigan-state,Big Ten,0.6,12.15,8.38,71.3,67.5,30,Lost First Round
michigan-state,Big Ten,0.629,16.12,9.72,67.6,61.2,30,Lost Regional Final
michigan-state,Big Ten,0.613,14.9,9.6,69.4,63.8,30,Lost First Round
michigan-state,Big Ten,0.848,25.12,9.54,77.4,61.8,3,Lost National Semifinal
michigan-state,Big Ten,0.821,25.04,9.91,74.1,58.9,2,Won National Final
michigan-state,Big Ten,0.868,22.62,10.89,71.7,59.5,2,Lost National Semifinal
michigan-state,Big Ten,0.733,18.65,9.25,73.4,64,16,Lost Regional Semifinal
michigan,Big Ten,0.639,13.75,7.92,73.8,67.4,30,Lost First Round
michigan,Big Ten,0.757,18.52,9.65,73.9,65.1,7,Lost Regional Final
michigan,Big Ten,0.795,21.28,10.05,75.2,63.3,10,Lost National Final
michigan,Big Ten,0.706,13.19,8.98,66.3,61.5,13,Lost Second Round
michigan,Big Ten,0.6,14.21,10.68,66.5,62.5,30,Lost Regional Semifinal
michigan,Big Ten,0.6,11.9,9.74,66.9,63.2,30,Lost Second Round
michigan,Big Ten,0.735,18.79,9.64,77.4,67.2,12,Lost Second Round
michigan,Big Ten,0.656,15.02,8.55,71.3,64.9,30,Lost First Round
middle-tennessee,CUSA,0.714,2.66,-0.7,72.5,68.9,30,Lost Second Round
middle-tennessee,Sun Belt,0.824,11.16,-1.52,70.7,58.1,30,Lost First Round
milwaukee,Horizon,0.6,-1.53,-0.44,70.4,70.5,30,Lost Second Round
milwaukee,Horizon,0.71,7.65,1.47,74,66.5,30,Lost Second Round
milwaukee,Horizon,0.813,10.41,1.44,75,64.3,30,Lost Regional Semifinal
milwaukee,Horizon,0.75,7.71,0.81,77.1,69.9,30,Lost First Round
minnesota,Big Ten,0.618,16.83,10.31,68.7,62.2,30,Lost Regional Semifinal
minnesota,Big Ten,0.6,15.64,7.32,72.4,64.1,30,Lost First Round
minnesota,Big Ten,0.667,11.32,7.19,66.3,61.6,30,Lost First Round
minnesota,Big Ten,0.656,12.06,6.96,68,62.9,30,Lost First Round
minnesota,Big Ten,0.607,13.53,9.93,68.9,65.3,30,Lost First Round
minnesota,Big Ten,0.886,23.35,9.2,78.3,63.4,3,Lost National Semifinal
mississippi,SEC,0.618,11.39,7.01,72.8,68.4,30,Lost Second Round
mississippi,SEC,0.75,14.42,4.14,77.2,66.9,30,Lost Regional Semifinal
mississippi,SEC,0.645,13.61,6.85,72,64.3,30,Lost First Round
mississippi,SEC,0.771,15.05,9.2,71.3,64.6,14,Lost Regional Semifinal
mississippi,SEC,0.606,14.83,8.17,77,67.1,30,Lost Second Round
mississippi,SEC,0.759,17.22,7.07,80.5,68.1,13,Lost First Round
mississippi,SEC,0.69,11.34,5.69,69,63.5,30,Lost First Round
mississippi-state,SEC,0.639,9.1,4.62,74.4,68.9,30,Lost First Round
mississippi-state,SEC,0.676,13.42,5.74,73.2,65.5,30,Lost Second Round
mississippi-state,SEC,0.676,12.55,6.05,72.5,66,30,Lost Second Round
mississippi-state,SEC,0.867,16.78,6.08,77.3,66.6,8,Lost Second Round
mississippi-state,SEC,0.677,17.65,8,69.4,59.7,20,Lost First Round
mississippi-state,SEC,0.771,14.42,7.33,73.8,66.7,17,Lost Second Round
mississippi-state,SEC,0.765,16.2,8.73,73.1,65.6,19,Lost National Semifinal
mississippi-valley-state,SWAC,0.618,-8.03,-7.65,68.6,69,30,Lost First Round
mississippi-valley-state,SWAC,0.515,-15.28,-9.5,61.7,65.9,30,Lost First Round
mississippi-valley-state,SWAC,0.759,-5.56,-11.92,85.7,76.5,30,Lost First Round
missouri-state,MVC,0.667,13.81,6.51,73.2,65.8,30,Lost Regional Semifinal
missouri,SEC,0.676,15.41,6,76.1,66.7,30,Lost Second Round
missouri,Big 12,0.857,19.77,5.68,80.4,66.3,3,Lost Second Round
missouri,Big 12,0.676,14.77,6.5,80.8,71.6,30,Lost Second Round
missouri,Big 12,0.676,17.39,6.36,77.3,66.2,30,Lost Second Round
missouri,Big 12,0.816,19.56,6.72,81.5,67.7,9,Lost Regional Final
missouri,Big 12,0.667,14.87,10.15,72.4,67.7,24,Lost Second Round
missouri,Big 12,0.667,14.22,6.81,79.9,72.5,30,Lost Regional Final
missouri,Big 12,0.606,10.76,9.19,75.5,72.8,30,Lost Second Round
missouri,Big 12,0.581,12.55,8.22,74.3,69.9,30,Lost First Round
missouri,Big 12,0.69,12.4,3.89,71.8,63.2,30,Lost First Round
monmouth,NEC,0.559,-2.99,-4.05,64.4,63.4,30,Lost First Round
monmouth,NEC,0.636,-4.84,-5.66,68.3,67.5,30,Lost First Round
monmouth,NEC,0.677,-3.82,-8.85,70.3,65.3,30,Lost First Round
monmouth,NEC,0.667,-1.89,-5.56,68.8,65.2,30,Lost First Round
montana,Big Sky,0.781,-1.11,-4.21,69.9,65.5,30,Lost Second Round
montana,Big Sky,0.781,4.55,-3.39,70,62,30,Lost Second Round
montana,Big Sky,0.688,3.93,-2.35,69.6,61.3,30,Lost First Round
montana,Big Sky,0.774,4.86,-0.96,79,71,30,Lost Second Round
montana,Big Sky,0.581,-3.63,-3.49,69.4,68.8,30,Lost First Round
montana,Big Sky,0.516,-4.2,-1.71,71.5,73,30,Lost First Round
montana,Big Sky,0.656,0.54,-3.17,73.1,68.5,30,Lost First Round
montana-state,Big Sky,0.7,7.48,-2.45,80.8,69.9,30,Lost First Round
morehead-state,OVC,0.714,2.81,-3.13,68.9,61.8,30,Lost Regional Semifinal
morehead-state,OVC,0.556,-3.14,-3.61,69.8,67,30,Lost First Round
morgan-state,MEAC,0.73,-1.18,-6.15,76,70.4,30,Lost First Round
morgan-state,MEAC,0.657,-2.29,-6.53,66.7,62.3,30,Lost First Round
mount-st-marys,NEC,0.485,-6.32,-4.44,75.9,77.8,30,Lost First Round
mount-st-marys,NEC,0.559,-3.59,-5.12,69.2,67.7,30,Lost First Round
mount-st-marys,NEC,0.5,-7.29,-6.29,68.3,69.3,30,Lost First Round
murray-state,OVC,0.939,8.74,-2.6,73.1,60.6,12,Lost Regional Semifinal
murray-state,OVC,0.861,8.69,-3.89,76.5,60.4,30,Lost Second Round
murray-state,OVC,0.774,4.16,-5.07,71.1,61.3,30,Lost First Round
murray-state,OVC,0.824,7.22,-3.2,80.3,68.9,30,Lost First Round
murray-state,OVC,0.594,0.65,-1.94,78.6,73.4,30,Lost First Round
murray-state,OVC,0.818,6.8,-4.71,78.5,67.1,30,Lost First Round
murray-state,OVC,0.879,6.82,-6.35,86.7,70.7,25,Lost First Round
murray-state,OVC,0.667,-4.24,-8.17,78.6,72.5,30,Lost First Round
navy,Patriot,0.633,-3.78,-7.49,71.1,64.7,30,Lost First Round
navy,Patriot,0.69,-3.56,-7.04,72.3,67.4,30,Lost First Round
nebraska,Big Ten,0.594,10.13,8.5,66.8,65.2,30,Lost Second Round
nebraska,Big 12,0.625,8.7,5.63,71.6,68.5,30,Lost First Round
nevada,WAC,0.853,10.58,1.09,77.4,67.5,15,Lost Second Round
nevada,WAC,0.818,10.16,2.26,72.8,63.7,20,Lost First Round
nevada,WAC,0.781,9.25,3.02,69.5,61.7,30,Lost Second Round
nevada,WAC,0.735,14.91,5.82,75.9,66.4,30,Lost Regional Semifinal
nevada-las-vegas,MWC,0.714,12.92,5.71,71.4,63,30,Lost Second Round
nevada-las-vegas,MWC,0.743,13.55,4.37,76.3,65.9,23,Lost Second Round
nevada-las-vegas,MWC,0.727,14.67,6,71.6,62.9,30,Lost Second Round
nevada-las-vegas,MWC,0.735,12.57,4.82,73.1,63.8,30,Lost First Round
nevada-las-vegas,MWC,0.771,10.23,4.02,69.7,62.3,30,Lost Second Round
nevada-las-vegas,MWC,0.811,12.98,5.37,74.9,66.8,19,Lost Regional Semifinal
nevada-las-vegas,MWC,0.742,9.74,2.52,82.2,75,30,Lost First Round
nevada-las-vegas,WAC,0.606,7.4,5.31,69.5,66.6,30,Lost First Round
new-mexico,MWC,0.794,12.72,4.84,74,66.1,17,Lost Second Round
new-mexico,MWC,0.829,13.28,6.63,67.3,60.6,10,Lost Second Round
new-mexico,MWC,0.8,15.6,3.34,72.7,59.3,21,Lost Regional Semifinal
new-mexico,MWC,0.857,12.49,3.84,75.9,67.2,8,Lost Second Round
new-mexico,MWC,0.788,11.09,1.51,75.5,64.3,30,Lost First Round
new-mexico,WAC,0.735,7.96,0.74,75.2,67.8,25,Lost Second Round
new-mexico,WAC,0.75,14.89,5.08,75.7,65.9,18,Lost Second Round
new-mexico,WAC,0.758,14.67,3.67,75.8,63.5,11,Lost Second Round
new-mexico,WAC,0.848,11.55,3.42,77.8,69.5,23,Lost Second Round
new-mexico-state,WAC,0.676,3.71,-3.67,68.1,59.8,30,Lost Second Round
new-mexico-state,WAC,0.722,6.16,-2.58,77,67.1,30,Lost Second Round
new-mexico-state,WAC,0.686,5.11,0.7,67.3,62.1,30,Lost Second Round
new-mexico-state,WAC,0.722,8.73,0.08,78.1,68.3,30,Lost Second Round
new-mexico-state,WAC,0.647,2.06,1.66,78.3,77.6,30,Lost First Round
new-mexico-state,WAC,0.735,5.04,0.01,78,72.4,30,Lost First Round
new-mexico-state,Big West,0.697,2.4,-0.63,68.9,65.1,30,Lost First Round
new-orleans,Sun Belt,0.7,5.97,1.47,72.6,68.1,30,Lost First Round
niagara,MAAC,0.657,-3.41,-4.7,75.8,74.5,30,Lost First Round
niagara,MAAC,0.667,3.12,-3.08,84.6,78.4,30,Lost First Round
nicholls-state,Southland,0.655,-5.35,-5.95,76.8,75.7,30,Lost First Round
north-carolina-at,MEAC,0.541,-6.94,-6.3,62.1,61.9,30,Lost Second Round
north-carolina-state,ACC,0.611,14.11,9.72,70.1,65.8,30,Lost Regional Semifinal
north-carolina-state,ACC,0.611,9.02,7.44,71.1,69.6,30,Lost Second Round
north-carolina-state,ACC,0.686,14.32,7.17,77.4,70.2,30,Lost Second Round
north-carolina-state,ACC,0.649,12.1,6.8,72.9,67.6,30,Lost Regional Semifinal
north-carolina-state,ACC,0.688,12.7,5.63,74.5,67.4,30,Lost Second Round
north-carolina-state,ACC,0.6,16.16,9.16,73.1,66.1,30,Lost Regional Semifinal
north-carolina-state,ACC,0.677,18.45,10.61,72.9,65.1,15,Lost Second Round
north-carolina-state,ACC,0.581,11.76,7.57,72.5,68.3,30,Lost First Round
north-carolina-state,ACC,0.676,15.85,8.17,75.4,67.8,30,Lost Second Round
north-carolina,ACC,0.825,23.44,10.69,82.8,70,3,Lost National Final
north-carolina,ACC,0.684,20.63,11.76,77.7,68.8,15,Lost Regional Semifinal
north-carolina,ACC,0.706,15.24,8.42,76.6,69.8,19,Lost Regional Semifinal
north-carolina,ACC,0.694,14.52,8.01,76.7,69.2,30,Lost Regional Semifinal
north-carolina,ACC,0.842,21.34,7.07,81.3,67.1,4,Lost Regional Final
north-carolina,ACC,0.784,18.87,10.15,77.5,68.8,7,Lost Regional Final
north-carolina,ACC,0.895,25.46,8.35,89.8,72,2,Won National Final
north-carolina,ACC,0.923,24.17,8.12,88.6,72.5,1,Lost National Semifinal
north-carolina,ACC,0.816,26.41,9.3,85.7,68.6,4,Lost Regional Final
north-carolina,ACC,0.742,18.48,7.77,79.4,68.6,10,Lost Second Round
north-carolina,ACC,0.892,28.42,10.66,88,70.3,2,Won National Final
north-carolina,ACC,0.633,19.4,12.04,82.1,74.8,18,Lost Second Round
north-carolina,ACC,0.788,19.95,11.77,79.1,70.9,6,Lost Second Round
north-carolina,ACC,0.611,17,11.8,75.4,70.2,30,Lost National Semifinal
north-carolina,ACC,0.706,16.77,10.25,71.4,64.9,13,Lost First Round
north-carolina,ACC,0.895,26.67,10.38,81.9,65.6,1,Lost National Semifinal
north-carolina,ACC,0.8,22.8,12.09,77.4,66.7,4,Lost National Semifinal
north-carolina,ACC,0.656,18.02,11.42,77.6,71,25,Lost Second Round
north-carolina-asheville,Big South,0.647,1.1,-3.25,75.1,68,30,Lost First Round
north-carolina-asheville,Big South,0.706,3.06,-2.72,80.7,71.4,30,Lost Second Round
north-carolina-asheville,Big South,0.588,-0.69,-2.89,73.7,68.6,30,Lost Second Round
north-carolina-asheville,Big South,0.469,-13.19,-5.61,72.5,78.6,30,Lost First Round
north-carolina-greensboro,Southern,0.613,-5.02,-5.85,73.6,71.9,30,Lost First Round
north-carolina-greensboro,Big South,0.667,-1.94,-7.18,71,65.7,30,Lost First Round
north-carolina-wilmington,CAA,0.758,6.25,0.35,79.4,72.1,30,Lost First Round
north-carolina-wilmington,CAA,0.758,8.9,0.57,68.2,59.8,30,Lost First Round
north-carolina-wilmington,CAA,0.774,8.52,-2.8,71.4,60.1,30,Lost First Round
north-carolina-wilmington,CAA,0.697,6.15,-0.09,67.9,61.6,30,Lost Second Round
north-carolina-wilmington,CAA,0.581,2.41,-0.24,60.1,57.5,30,Lost First Round
north-dakota-state,Summit,0.697,-1.72,-3.63,64.9,62.3,30,Lost Second Round
north-dakota-state,Summit,0.788,6.31,-0.02,75.5,65.6,30,Lost Regional Semifinal
north-dakota-state,Summit,0.788,6.18,-2.72,80.6,69.1,30,Lost First Round
north-texas,Sun Belt,0.727,-2.49,-4.72,73.8,69.8,30,Lost First Round
north-texas,Sun Belt,0.676,-3.11,-6.59,77,71.2,30,Lost First Round
northeastern,CAA,0.657,2.03,-1.34,68.5,65.1,30,Lost Second Round
northern-arizona,Big Sky,0.645,4.34,1.37,73.5,68.8,30,Lost First Round
northern-arizona,Big Sky,0.724,6.45,-5.19,80.2,67.4,30,Lost First Round
northern-colorado,Big Sky,0.656,1.39,-2.24,71.5,65.8,30,Lost Second Round
northern-illinois,MW Coll,0.667,4.37,-3.6,75,66,30,Lost First Round
northern-iowa,MVC,0.639,8.78,4.44,68.8,64,30,Lost Second Round
northern-iowa,MVC,0.886,12.54,2,65.2,54.6,11,Lost Regional Semifinal
northern-iowa,MVC,0.857,12.03,4.27,63.3,55.1,30,Lost Regional Semifinal
northern-iowa,MVC,0.676,5.63,2.24,67.4,63.5,30,Lost First Round
northern-iowa,MVC,0.697,11.55,5.13,65.6,57.8,30,Lost First Round
northern-iowa,MVC,0.656,10.14,5.31,72.2,66.5,30,Lost First Round
northern-iowa,MVC,0.677,6.87,3.2,69.3,65,30,Lost First Round
northwestern-state,Southland,0.719,0.41,-3.77,80,71.4,30,Lost Second Round
northwestern-state,Southland,0.765,4.01,-1.38,75.7,69.6,30,Lost Second Round
northwestern-state,Southland,0.594,-11.1,-7.82,71.6,74.9,30,Lost First Round
notre-dame,ACC,0.667,14.1,9.57,75.1,70.6,30,Lost Regional Final
notre-dame,ACC,0.842,19.23,7.02,78,65.8,8,Lost Regional Final
notre-dame,Big East,0.714,13.74,7.22,70,63.5,23,Lost Second Round
notre-dame,Big East,0.647,11.18,6.47,66.4,61.7,30,Lost Second Round
notre-dame,Big East,0.794,18.17,8.43,75.2,65.5,5,Lost Regional Semifinal
notre-dame,Big East,0.657,13.14,6.22,75.3,68.4,30,Lost First Round
notre-dame,Big East,0.758,16.15,7.03,79,69.6,15,Lost Second Round
notre-dame,Big East,0.75,16.94,4.97,81,68,17,Lost First Round
notre-dame,Big East,0.706,17.32,9.43,79.2,71.3,22,Lost Regional Semifinal
notre-dame,Big East,0.667,15.7,6.17,78.8,68.4,30,Lost Second Round
notre-dame,Big East,0.667,14.35,5.68,77.9,69.3,19,Lost Second Round
ohio,MAC,0.784,7.17,0.17,70.2,62.5,30,Lost Regional Semifinal
ohio,MAC,0.595,4.56,-0.03,74.7,69.4,30,Lost Second Round
ohio,MAC,0.656,5.36,1.8,71.5,67.9,30,Lost First Round
ohio-state,Big Ten,0.686,19.68,7.37,75.3,63,30,Lost Regional Semifinal
ohio-state,Big Ten,0.714,17.84,8.12,69.5,59.8,22,Lost Second Round
ohio-state,Big Ten,0.784,20.19,9.32,70.2,59.4,7,Lost Regional Final
ohio-state,Big Ten,0.795,23.95,9.07,74.7,59.8,7,Lost National Semifinal
ohio-state,Big Ten,0.919,25.84,8.38,77.1,59.7,1,Lost Regional Semifinal
ohio-state,Big Ten,0.784,19.49,7.37,74.1,61.5,5,Lost Regional Semifinal
ohio-state,Big Ten,0.667,12.48,8.23,66.8,62,30,Lost First Round
ohio-state,Big Ten,0.897,21.54,9.03,74.5,62,1,Lost National Final
ohio-state,Big Ten,0.813,16.08,5.9,73.8,63.7,6,Lost Second Round
ohio-state,Big Ten,0.75,16.14,7.26,73.8,64.9,14,Lost Second Round
ohio-state,Big Ten,0.645,15.68,8.17,71.2,63.6,30,Lost First Round
ohio-state,Big Ten,0.767,17.55,6.55,72.7,61.7,8,Lost Second Round
ohio-state,Big Ten,0.75,19.02,9.51,74.9,64.8,14,Lost National Semifinal
oklahoma,Big 12,0.784,19.76,11.14,79.7,71.1,7,Lost National Semifinal
oklahoma,Big 12,0.686,18.65,9.94,71.5,62.7,13,Lost Regional Semifinal
oklahoma,Big 12,0.697,14.91,8.97,81.9,76,21,Lost Second Round
oklahoma,Big 12,0.625,11.4,7.09,70.6,66.3,30,Lost Second Round
oklahoma,Big 12,0.833,18.07,6.88,78.7,67.5,7,Lost Regional Final
oklahoma,Big 12,0.657,11.97,7.85,67.9,63.8,30,Lost Second Round
oklahoma,Big 12,0.69,11.89,6.79,68.8,63.7,24,Lost First Round
oklahoma,Big 12,0.758,19.96,8.84,75.2,63.3,17,Lost Second Round
oklahoma,Big 12,0.794,18.86,8.53,70.4,60,3,Lost Regional Final
oklahoma,Big 12,0.861,21.04,7.7,78,64.6,3,Lost National Semifinal
oklahoma,Big 12,0.788,15.54,5.48,74.4,64.3,13,Lost First Round
oklahoma,Big 12,0.794,19.25,6.63,74.9,62.3,12,Lost Second Round
oklahoma,Big 12,0.667,13.14,4.82,68.1,60,30,Lost Regional Semifinal
oklahoma,Big 12,0.667,9.4,4.18,74.6,68.3,30,Lost First Round
oklahoma,Big 12,0.633,13.96,5.03,74.3,65.3,30,Lost First Round
oklahoma,Big 8,0.567,12.8,6.83,79,73.1,30,Lost First Round
oklahoma-state,Big 12,0.563,12.95,9.63,67.5,62.8,30,Lost Second Round
oklahoma-state,Big 12,0.618,19.02,8.34,80.2,69.6,30,Lost Second Round
oklahoma-state,Big 12,0.727,15.57,6.73,71.8,63,17,Lost Second Round
oklahoma-state,Big 12,0.667,12.34,6.97,73.8,68,30,Lost First Round
oklahoma-state,Big 12,0.657,13.78,7.44,80.9,74.5,30,Lost Second Round
oklahoma-state,Big 12,0.788,21.4,9.68,78.3,65.2,6,Lost Regional Semifinal
oklahoma-state,Big 12,0.886,20.85,7.23,77.1,62.5,4,Lost National Semifinal
oklahoma-state,Big 12,0.688,14.62,8.46,69.5,62.6,30,Lost Second Round
oklahoma-state,Big 12,0.719,14.39,6.8,71.7,64.1,20,Lost First Round
oklahoma-state,Big 12,0.667,10.81,4.7,71,64.5,30,Lost First Round
oklahoma-state,Big 12,0.794,20.01,6.59,77.1,62.3,14,Lost Regional Final
oklahoma-state,Big 12,0.676,12.64,5.55,71.5,63.1,30,Lost Second Round
oklahoma-state,Big 12,0.759,14.29,4.63,78.9,69.2,30,Lost Second Round
old-dominion,CAA,0.794,9.03,1.76,65.6,58.4,30,Lost Second Round
old-dominion,CAA,0.75,11.39,1.78,67.1,57.5,30,Lost Second Round
old-dominion,CAA,0.727,7.83,0.44,69.4,62,30,Lost First Round
old-dominion,CAA,0.824,5.97,-2.59,71.5,61.1,30,Lost First Round
old-dominion,CAA,0.667,3.73,-0.45,71,66.8,30,Lost First Round
oral-roberts,Summit,0.727,5.71,-0.26,69.2,62,30,Lost First Round
oral-roberts,Mid-Cont,0.676,4.54,-1.04,71.8,64.9,30,Lost First Round
oral-roberts,Mid-Cont,0.636,3.23,-2.35,74.9,68.1,30,Lost First Round
oregon,Pac-12,0.816,18.05,8.64,78.7,68.8,5,Lost Regional Final
oregon,Pac-12,0.722,11.43,7.65,75.4,70.8,30,Lost Regional Semifinal
oregon,Pac-12,0.706,15.75,8.05,81.9,74.1,30,Lost Regional Semifinal
oregon,Pac-12,0.757,13.82,5.77,71.6,63.6,25,Lost Regional Semifinal
oregon,Pac-10,0.563,11.68,7.65,76.6,72.5,30,Lost First Round
oregon,Pac-10,0.784,15.95,6.3,75.9,66.2,10,Lost Regional Final
oregon,Pac-10,0.697,14.05,6.11,81.5,73.5,30,Lost First Round
oregon,Pac-10,0.743,19.67,6.93,85.5,72.5,11,Lost Regional Final
oregon,Pac-10,0.733,14.74,8.53,75.6,68.2,30,Lost First Round
oregon-state,Pac-12,0.594,10.39,9.26,71.9,70.1,30,Lost First Round
pacific,Big West,0.629,1.96,1.05,67,63.9,30,Lost Second Round
pacific,Big West,0.75,6.93,-1.57,74.3,64,30,Lost First Round
pacific,Big West,0.871,8.95,1.16,72.8,64.9,22,Lost Second Round
pacific,Big West,0.758,5.76,0.95,68.8,63.5,30,Lost Second Round
pacific,Big West,0.8,8.68,-2.43,72.9,60,30,Lost First Round
penn-state,Big Ten,0.559,11.98,11.45,63.1,62.5,30,Lost Second Round
penn-state,Big Ten,0.636,12.42,10.54,76.8,74.9,30,Lost Regional Semifinal
penn-state,Big Ten,0.75,17.08,6.33,74.8,64.1,18,Lost First Round
pennsylvania,Ivy,0.71,4.16,-1.64,74.1,67.7,30,Lost First Round
pennsylvania,Ivy,0.69,6.01,-2.31,68.5,60.1,30,Lost First Round
pennsylvania,Ivy,0.69,4.71,-1.98,68.3,61.7,30,Lost First Round
pennsylvania,Ivy,0.786,8.44,-1.45,69.9,60,30,Lost First Round
pennsylvania,Ivy,0.781,7.96,-1.51,73.2,63.7,30,Lost First Round
pennsylvania,Ivy,0.724,4,-2.89,67,60.1,30,Lost First Round
pennsylvania,Ivy,0.778,6.5,-3.91,71.1,60.7,30,Lost First Round
pepperdine,WCC,0.71,8.59,3.36,81.3,74.8,30,Lost First Round
pepperdine,WCC,0.735,13.11,3.35,73,63.2,30,Lost Second Round
pittsburgh,ACC,0.636,15.47,8.75,75,67.3,30,Lost First Round
pittsburgh,ACC,0.722,17.46,7.54,71.8,61.9,30,Lost Regional Semifinal
pittsburgh,Big East,0.727,18.82,5.63,69.2,56,20,Lost Second Round
pittsburgh,Big East,0.824,20.82,7.85,73.9,61,4,Lost Regional Semifinal
pittsburgh,Big East,0.735,14.3,7.39,68.7,61.8,18,Lost Second Round
pittsburgh,Big East,0.861,21.21,8.61,77.4,64.4,4,Lost Regional Final
pittsburgh,Big East,0.73,15.62,7.84,73.8,65.1,17,Lost Second Round
pittsburgh,Big East,0.784,16.99,8.53,71.3,62.8,12,Lost Regional Semifinal
pittsburgh,Big East,0.758,16.37,7.01,72.5,63.1,16,Lost Second Round
pittsburgh,Big East,0.69,14.53,5.73,72.3,63.5,30,Lost First Round
pittsburgh,Big East,0.861,18.2,6.49,67.9,56.4,9,Lost Regional Semifinal
pittsburgh,Big East,0.848,21.49,5.79,74.9,59.2,4,Lost Regional Semifinal
pittsburgh,Big East,0.829,14.69,4.55,72.3,60.9,9,Lost Regional Semifinal
portland,WCC,0.633,1.75,-0.18,76.2,72.2,30,Lost First Round
portland-state,Big Sky,0.697,1.14,-3.16,73.2,68.5,30,Lost First Round
portland-state,Big Sky,0.697,1.72,-3.01,73.9,68,30,Lost First Round
prairie-view,SWAC,0.433,-17.13,-6.21,72.5,80.1,30,Lost First Round
princeton,Ivy,0.781,3.71,-1.61,69.2,63,30,Lost Second Round
princeton,Ivy,0.714,1.54,-3.32,62.9,56.8,30,Lost First Round
princeton,Ivy,0.593,-2.53,-1.88,57.9,58.1,30,Lost First Round
princeton,Ivy,0.931,11.55,-3.6,66.5,51.6,8,Lost Second Round
princeton,Ivy,0.857,7.18,-3.01,64.8,53.4,30,Lost First Round
princeton,Ivy,0.759,2.53,-4.15,59.1,51.7,30,Lost Second Round
providence,Big East,0.686,11.94,8.46,73.6,70.1,30,Lost Second Round
providence,Big East,0.647,13.71,9.5,69.7,65.5,30,Lost Second Round
providence,Big East,0.657,11.37,7.85,73.3,69.8,30,Lost Second Round
providence,Big East,0.69,14.87,8.21,71,64.4,21,Lost First Round
providence,Big East,0.677,13.74,5.44,76.1,66.1,30,Lost First Round
providence,Big East,0.667,14.18,8.32,76.5,70.1,30,Lost Regional Final
purdue,Big Ten,0.743,20.17,7.46,77.9,65.2,12,Lost First Round
purdue,Big Ten,0.618,12.93,7.64,69.9,64.6,30,Lost Second Round
purdue,Big Ten,0.629,13.88,8.05,71.8,66,30,Lost Regional Semifinal
purdue,Big Ten,0.765,19.36,8.69,72.5,61.9,13,Lost Regional Semifinal
purdue,Big Ten,0.829,17.52,8.81,70.5,61.3,10,Lost Regional Semifinal
purdue,Big Ten,0.73,16.44,7.17,69.1,59.8,17,Lost Regional Semifinal
purdue,Big Ten,0.735,13.1,5.9,69.6,62.4,20,Lost Second Round
purdue,Big Ten,0.647,14.65,8.89,69.9,63.4,30,Lost Second Round
purdue,Big Ten,0.633,15.95,9.42,71.9,65.3,30,Lost Second Round
purdue,Big Ten,0.706,16.87,9.56,73.7,66.1,25,Lost Regional Final
purdue,Big Ten,0.618,13.22,10.42,68.5,65.7,30,Lost Regional Semifinal
purdue,Big Ten,0.778,20.68,9.23,83.7,72.3,11,Lost Regional Semifinal
purdue,Big Ten,0.6,12.24,10.91,72.1,70.7,30,Lost Second Round
purdue,Big Ten,0.813,17.24,8.49,73.1,64.3,4,Lost Second Round
radford,Big South,0.636,-4.55,-4.37,75.5,71.9,30,Lost First Round
radford,Big South,0.667,-5.03,-8.69,75.7,72.1,30,Lost First Round
rhode-island,A-10,0.606,9.52,5.59,72,68,30,Lost First Round
rhode-island,A-10,0.735,12.58,6.43,77.7,71.6,30,Lost Regional Final
rhode-island,A-10,0.667,16.5,6.4,80.7,70.6,30,Lost First Round
richmond,A-10,0.784,11.23,2.79,69.6,61.2,30,Lost Regional Semifinal
richmond,A-10,0.743,10.03,3.43,69.3,62.7,24,Lost First Round
richmond,A-10,0.606,10.07,5.07,64.5,59.5,30,Lost First Round
richmond,CAA,0.742,6.35,-1.68,70,61.9,30,Lost Second Round
robert-morris,NEC,0.571,-3.02,-3.5,69,68.5,30,Lost Second Round
robert-morris,NEC,0.657,-3.71,-6.15,68.5,65.9,30,Lost First Round
robert-morris,NEC,0.686,-0.7,-5.23,70.5,65.4,30,Lost First Round
saint-josephs,A-10,0.778,12.1,4.93,77.2,70.1,30,Lost Second Round
saint-josephs,A-10,0.706,9.05,5.08,71.6,67.6,30,Lost Second Round
saint-josephs,A-10,0.618,9.63,3.98,73.1,67.4,30,Lost First Round
saint-josephs,A-10,0.938,20.03,4.97,77.4,62.3,5,Lost Regional Final
saint-josephs,A-10,0.767,14.61,3.71,70.4,59.5,30,Lost First Round
saint-josephs,A-10,0.788,12.72,4.45,79.5,71.3,22,Lost Second Round
saint-josephs,A-10,0.788,12.96,7.71,71.2,66,12,Lost Regional Semifinal
saint-louis,A-10,0.794,11.63,4.24,69.8,61.9,25,Lost Regional Semifinal
saint-louis,A-10,0.8,14.33,4.28,68.2,58.2,13,Lost Regional Semifinal
saint-louis,A-10,0.765,15.15,4.06,68.7,57.6,30,Lost Regional Semifinal
saint-louis,CUSA,0.576,9,8.39,64.4,63.8,30,Lost First Round
saint-louis,CUSA,0.667,9.48,5.51,67.3,63.3,30,Lost Second Round
saint-marys-ca,WCC,0.8,14.51,3.31,74.6,62.9,30,Lost Second Round
saint-marys-ca,WCC,0.818,11.26,0.78,74.8,62.7,24,Lost Second Round
saint-marys-ca,WCC,0.824,13.38,2.2,78.5,66.4,30,Lost Regional Semifinal
saint-marys-ca,WCC,0.781,11.39,0.36,75.7,63.7,30,Lost First Round
saint-marys-ca,WCC,0.735,6.68,2.4,69.8,64.1,30,Lost First Round
saint-marys-ca,WCC,0.742,3.21,-0.89,70.6,65.1,30,Lost First Round
saint-peters,MAAC,0.588,-0.28,-1.08,60.9,60.1,30,Lost Second Round
sam-houston-state,Southland,0.758,3.71,-3.37,79.3,69.2,30,Lost First Round
sam-houston-state,Southland,0.767,-1.65,-6.87,72.8,65,30,Lost First Round
samford,A-Sun,0.656,3.2,-5.8,72.6,62.4,30,Lost First Round
samford,A-Sun,0.8,0.17,-9.16,72.9,62.7,30,Lost First Round
san-diego-state,MWC,0.75,11.81,4.24,61.8,53.9,30,Lost Regional Semifinal
san-diego-state,MWC,0.861,14.95,4.86,70.3,57,13,Lost Regional Semifinal
san-diego-state,MWC,0.676,13.01,6.19,69.3,61.1,30,Lost Regional Semifinal
san-diego-state,MWC,0.765,9.04,3.79,71.1,63.7,22,Lost Second Round
san-diego-state,MWC,0.919,17.96,6.36,71.9,59.2,6,Lost Regional Semifinal
san-diego-state,MWC,0.735,11.34,4.21,70.3,61.8,30,Lost First Round
san-diego-state,MWC,0.727,9.81,3.65,74.4,67.4,30,Lost First Round
san-diego-state,MWC,0.636,7.69,6.02,74.4,70.9,30,Lost First Round
san-diego,WCC,0.611,3.39,1.45,65.7,63.8,30,Lost Second Round
san-diego,WCC,0.6,5.46,2.74,75.5,71.4,30,Lost First Round
san-francisco,WCC,0.633,7.97,1.48,73.2,66.3,30,Lost First Round
san-jose-state,Big West,0.433,-3.16,1.21,72,76.4,30,Lost First Round
santa-clara,WCC,0.69,8.81,4.09,70.8,66.1,30,Lost Second Round
seton-hall,Big East,0.735,14.66,8.28,74.2,67.8,20,Lost First Round
seton-hall,Big East,0.6,6.78,6.11,67.8,67.1,30,Lost First Round
seton-hall,Big East,0.677,14.28,7.78,71.9,65.4,30,Lost Second Round
seton-hall,Big East,0.688,10.64,5.11,71.7,66.2,30,Lost Regional Semifinal
siena,MAAC,0.794,8.48,-1.17,75.1,65.5,30,Lost First Round
siena,MAAC,0.771,8.05,0.99,77.4,70.3,30,Lost Second Round
siena,MAAC,0.676,4.06,-1.62,76.9,71.2,30,Lost Second Round
siena,MAAC,0.472,-2.74,-3.71,69.9,68.9,30,Lost First Round
siena,MAAC,0.806,2.07,-4.87,86.6,79.8,30,Lost First Round
south-alabama,Sun Belt,0.788,7.76,-1.21,75.1,65.4,30,Lost First Round
south-alabama,Sun Belt,0.774,4.88,-2.18,73.6,65.6,30,Lost First Round
south-alabama,Sun Belt,0.75,7.56,-2.94,65,54.5,30,Lost First Round
south-alabama,Sun Belt,0.767,4.03,-4.51,66.2,56.6,30,Lost First Round
south-carolina,SEC,0.676,12.77,5.33,70.1,62.6,23,Lost First Round
south-carolina,SEC,0.742,12.51,8.77,71.3,67.4,14,Lost First Round
south-carolina,SEC,0.75,14.39,7.01,74.1,66.7,6,Lost First Round
south-carolina-state,MEAC,0.645,-9.2,-10.14,72.2,71.3,30,Lost First Round
south-carolina-state,MEAC,0.588,-10.41,-9.38,70.2,71.2,30,Lost First Round
south-carolina-state,MEAC,0.733,-5.68,-10.23,74.4,70,30,Lost First Round
south-carolina-state,MEAC,0.733,-5.26,-13.08,72,64.2,30,Lost First Round
south-florida,Big East,0.611,9.2,7.29,59.3,56.6,30,Lost Regional Semifinal
southeast-missouri-state,OVC,0.774,4.42,-2.48,69.5,61.6,30,Lost First Round
southeastern-louisiana,Southland,0.727,-0.86,-5.22,63.2,55.8,30,Lost First Round
southern-california,Pac-12,0.618,13.52,7.64,80.5,74.6,30,Lost First Round
southern-california,Pac-10,0.559,11.52,7.97,66.2,62.7,30,Lost First Round
southern-california,Pac-10,0.629,14.09,9.15,68.5,63.5,30,Lost Second Round
southern-california,Pac-10,0.636,13.89,8.59,69,63.7,30,Lost First Round
southern-california,Pac-10,0.676,13.78,7.87,71.8,65.2,23,Lost Regional Semifinal
southern-california,Pac-10,0.688,16.49,8.31,77.9,69.8,18,Lost First Round
southern-california,Pac-10,0.706,16.53,10.83,77.1,71.2,30,Lost Regional Final
southern-california,Pac-10,0.607,13.38,10.09,79.6,76.3,30,Lost First Round
southern-illinois,MVC,0.806,13.59,7.53,62.9,56.2,14,Lost Regional Semifinal
southern-illinois,MVC,0.667,8.93,4.62,60.4,56.5,30,Lost First Round
southern-illinois,MVC,0.771,11.53,5.12,67.6,60.7,30,Lost Second Round
southern-illinois,MVC,0.833,10.7,2.64,71,63,30,Lost First Round
southern-illinois,MVC,0.774,8.57,2.37,74.4,68.2,30,Lost First Round
southern-illinois,MVC,0.778,9.79,1.67,75.5,67.4,30,Lost Regional Semifinal
southern,SWAC,0.697,-2.61,-10.31,67.4,57.3,30,Lost Second Round
southern,SWAC,0.606,-5.97,-6.69,65.4,64.7,30,Lost First Round
southern-methodist,AAC,0.794,12.94,3.57,69.1,59.8,18,Lost Second Round
southern-mississippi,CUSA,0.735,7.79,3.61,71.4,65.1,30,Lost Second Round
southern-utah,Mid-Cont,0.806,3.01,-3.42,72.4,65,30,Lost First Round
st-bonaventure,A-10,0.625,8.25,2.84,70.4,65,30,Lost Second Round
st-bonaventure,A-10,0.677,9.45,5.29,68.9,64.7,30,Lost First Round
st-johns-ny,Big East,0.636,11.85,9.04,71,67.9,30,Lost Second Round
st-johns-ny,Big East,0.636,13.1,10.01,70.1,67,18,Lost Second Round
st-johns-ny,Big East,0.625,7.8,6.3,70.3,68.8,30,Lost First Round
st-johns-ny,Big East,0.758,14.26,6.96,61.9,66.4,9,Lost Second Round
st-johns-ny,Big East,0.757,22.71,9.09,79,65.4,9,Lost Regional Final
st-johns-ny,Big East,0.688,11.28,6.77,72.9,68.2,30,Lost First Round
stanford,Pac-12,0.639,13.42,9,72.7,68.3,30,Lost Regional Semifinal
stanford,Pac-10,0.778,16.31,6.95,70.9,61.6,10,Lost Regional Semifinal
stanford,Pac-10,0.581,11.16,9.06,69.5,67.1,30,Lost First Round
stanford,Pac-10,0.581,9.1,8.13,70.1,68.8,30,Lost First Round
stanford,Pac-10,0.938,17.46,4.34,73.6,60.5,1,Lost Second Round
stanford,Pac-10,0.727,13.25,8.37,72.5,67.6,18,Lost Second Round
stanford,Pac-10,0.667,17.03,9.03,80.7,72.7,24,Lost Second Round
stanford,Pac-10,0.912,25.76,9.86,83.2,65.5,2,Lost Regional Final
stanford,Pac-10,0.871,25.65,7.12,78.9,59.7,3,Lost Second Round
stanford,Pac-10,0.788,22.21,10.34,73.5,60.8,7,Lost Second Round
stanford,Pac-10,0.857,19,8.18,80.2,68.3,10,Lost National Semifinal
stanford,Pac-10,0.733,19.73,9.05,80.9,69,21,Lost Regional Semifinal
stanford,Pac-10,0.69,14.85,6.33,75.2,66.7,30,Lost Second Round
stephen-f-austin,Southland,0.824,9.23,-5.47,80.2,63.3,30,Lost Second Round
stephen-f-austin,Southland,0.853,8.61,-4.2,78.6,64.4,30,Lost Second Round
stephen-f-austin,Southland,0.914,4.82,-6.76,76,63.4,30,Lost Regional Semifinal
stephen-f-austin,Southland,0.75,1.1,-3.21,65.6,56.1,30,Lost First Round
syracuse,ACC,0.622,14.62,9.75,70,65.1,30,Lost National Semifinal
syracuse,ACC,0.824,16.05,7.25,68,59.2,14,Lost Regional Semifinal
syracuse,Big East,0.75,20.3,8.57,70.4,58.7,16,Lost National Semifinal
syracuse,Big East,0.919,21.12,8.02,74.1,61,2,Lost Regional Final
syracuse,Big East,0.771,18.85,8.79,73.4,63.3,12,Lost Regional Semifinal
syracuse,Big East,0.857,21.72,7.21,80.9,66.4,4,Lost Regional Semifinal
syracuse,Big East,0.737,17.24,9.48,80.2,71.7,13,Lost Regional Semifinal
syracuse,Big East,0.657,11.68,8.16,72.4,68.9,21,Lost First Round
syracuse,Big East,0.794,15.95,6.83,74.9,64.6,11,Lost First Round
syracuse,Big East,0.742,13.06,7.61,73.1,67.6,20,Lost Regional Semifinal
syracuse,Big East,0.857,19.02,9.02,79.6,69.6,13,Won National Final
syracuse,Big East,0.735,11.14,5.82,72.8,67.5,17,Lost Second Round
syracuse,Big East,0.813,17.67,6.2,75,63.5,16,Lost Regional Semifinal
syracuse,Big East,0.636,15.86,7.64,72.3,63.2,30,Lost First Round
syracuse,Big East,0.743,11.86,7.98,70.9,67,21,Lost Regional Semifinal
syracuse,Big East,0.763,18.99,11.35,76.2,68.6,15,Lost National Final
temple,AAC,0.636,7.69,6.57,68.7,67.6,30,Lost First Round
temple,A-10,0.706,9.52,5.2,72.2,67.9,30,Lost Regional Semifinal
temple,A-10,0.75,10.44,4.94,75,69.5,30,Lost Second Round
temple,A-10,0.765,12.35,4.23,70.6,62.5,30,Lost Regional Semifinal
temple,A-10,0.829,12.44,4.27,64.9,56.8,12,Lost First Round
temple,A-10,0.647,9.05,3.9,68.6,63.5,30,Lost First Round
temple,A-10,0.618,8.16,4.57,72.3,68.7,30,Lost First Round
temple,A-10,0.649,16.2,9.77,70.4,63.9,30,Lost Regional Final
temple,A-10,0.818,20.64,6.94,68.5,54.8,5,Lost Second Round
temple,A-10,0.686,17.05,8.97,66.6,58.5,30,Lost Regional Final
temple,A-10,0.7,12.5,7.5,65.7,60.7,24,Lost First Round
temple,A-10,0.645,14.68,9.04,66.3,60.6,30,Lost Second Round
temple,A-10,0.606,11.08,9.29,60,58.2,30,Lost Second Round
tennessee,SEC,0.649,17.34,7.84,72.2,61.7,30,Lost Regional Semifinal
tennessee,SEC,0.559,11.08,8.73,69.9,67.5,30,Lost Second Round
tennessee,SEC,0.757,16.05,7.75,73.5,65.2,15,Lost Regional Final
tennessee,SEC,0.618,13.6,7.71,78.4,72.5,30,Lost First Round
tennessee,SEC,0.861,18.41,7.84,81.8,70,5,Lost Regional Semifinal
tennessee,SEC,0.686,14.97,9.15,80.9,75.1,25,Lost Regional Semifinal
tennessee,SEC,0.733,14.73,7.76,80.4,73.5,18,Lost Second Round
tennessee,SEC,0.667,15.49,10.28,80.8,75.6,30,Lost First Round
tennessee,SEC,0.788,18.94,8.12,79.7,67.8,11,Lost Regional Semifinal
tennessee,SEC,0.7,14.08,6.45,72.6,65,20,Lost Second Round
tennessee,SEC,0.69,11.15,5.91,75.9,70.6,30,Lost First Round
texas-am,SEC,0.757,18.45,8.45,76.4,66.4,15,Lost Regional Semifinal
texas-am,Big 12,0.727,12.62,5.94,68.3,60.9,24,Lost Second Round
texas-am,Big 12,0.706,15.24,9.8,71.4,64.5,23,Lost Second Round
texas-am,Big 12,0.706,10.52,6.13,71.8,67.1,30,Lost Second Round
texas-am,Big 12,0.694,16.2,7.46,70.8,61.6,30,Lost Second Round
texas-am,Big 12,0.794,21.27,5.13,75.6,59.4,9,Lost Regional Semifinal
texas-am,Big 12,0.71,13.19,4.77,68.7,60.3,30,Lost Second Round
texas-christian,WAC,0.818,22.13,2.54,97.2,77.9,15,Lost First Round
texas,Big 12,0.606,14.8,11.71,71.4,68.3,30,Lost First Round
texas,Big 12,0.588,16.16,9.07,67.4,60.3,30,Lost Second Round
texas,Big 12,0.686,12.67,9.15,74.2,70.7,30,Lost Regional Semifinal
texas,Big 12,0.588,14,8.12,72.6,66.8,30,Lost Second Round
texas,Big 12,0.778,20.82,7.96,75,62.2,8,Lost Regional Semifinal
texas,Big 12,0.706,18.56,7.38,81.2,70,30,Lost First Round
texas,Big 12,0.657,14.83,8.09,72.3,65.6,30,Lost Second Round
texas,Big 12,0.816,18.13,8.59,75.5,64.9,7,Lost Regional Final
texas,Big 12,0.714,15.6,6.12,81.7,72.2,11,Lost Second Round
texas,Big 12,0.811,21.89,6.99,75.2,60.3,9,Lost Regional Final
texas,Big 12,0.645,15.49,7.56,76.9,68.5,30,Lost First Round
texas,Big 12,0.758,18.52,8.4,76.6,66.5,12,Lost Regional Semifinal
texas,Big 12,0.788,18.91,9.27,79.3,69.7,5,Lost National Semifinal
texas,Big 12,0.647,14.31,9.98,78.1,73.2,30,Lost Regional Semifinal
texas,Big 12,0.735,14.25,8.89,70.5,65,18,Lost First Round
texas,Big 12,0.727,20.43,9.61,74.5,63.7,15,Lost Second Round
texas,Big 12,0.594,10.32,6.79,68.4,64.9,30,Lost First Round
texas,Big 12,0.6,12.33,9.46,76.3,73.5,30,Lost Regional Semifinal
texas,SWC,0.677,12.44,5.06,81.8,74.4,30,Lost Second Round
texas-southern,SWAC,0.629,-5.98,-6.09,68.3,68.2,30,Lost Second Round
texas-southern,SWAC,0.559,-8.41,-10.07,76,73.9,30,Lost First Round
texas-southern,SWAC,0.581,-9.57,-11.21,73.2,71.5,30,Lost First Round
texas-state,Southland,0.552,-7.55,-7.73,70.5,69.4,30,Lost First Round
texas-tech,Big 12,0.594,12.41,10.25,72,69.9,30,Lost First Round
texas-tech,Big 12,0.618,9.71,7.16,71.7,69.1,30,Lost First Round
texas-tech,Big 12,0.667,16.24,9.11,76.8,69.3,24,Lost Regional Semifinal
texas-tech,Big 12,0.676,14.71,8.21,73.2,66.7,30,Lost Second Round
texas-tech,Big 12,0.719,14.72,7.22,79.1,71.6,30,Lost First Round
texas-tech,SWC,0.938,14.86,2.11,82.2,69.4,8,Lost Regional Semifinal
texas-arlington,Southland,0.636,-2.87,-4.62,73.4,68.9,30,Lost First Round
texas-el-paso,CUSA,0.788,12.66,1.96,75.3,64.6,30,Lost First Round
texas-el-paso,WAC,0.771,9.61,0.91,74.7,65.1,30,Lost First Round
texas-el-paso,WAC,0.75,11.42,3.55,77.5,67.5,30,Lost First Round
texas-san-antonio,Southland,0.588,-5.8,-4.93,70.1,69.5,30,Lost Second Round
texas-san-antonio,Southland,0.576,-7.22,-6.11,72.7,71.7,30,Lost First Round
texas-san-antonio,Southland,0.621,-6.47,-7.03,77.5,75.4,30,Lost First Round
troy,A-Sun,0.813,2.86,-4.8,79.9,70.7,30,Lost First Round
tulsa,CUSA,0.618,6.23,1.17,72.7,67.6,30,Lost Second Round
tulsa,WAC,0.697,10.41,2.29,73.4,65.3,30,Lost Second Round
tulsa,WAC,0.794,12.66,2.3,80.2,69.5,30,Lost Second Round
tulsa,WAC,0.865,19.94,2.42,80.4,62.9,18,Lost Regional Final
tulsa,WAC,0.697,10.72,4.45,70.3,64,30,Lost Second Round
tulsa,WAC,0.706,14.99,5.52,72.4,63,30,Lost Second Round
tulsa,MVC,0.733,12.92,1.52,76.4,65,30,Lost First Round
california-irvine,Big West,0.618,3.63,0.45,67.5,62.1,30,Lost Second Round
california-santa-barbara,Big West,0.563,1.22,0.12,67.8,65.8,30,Lost Second Round
california-santa-barbara,Big West,0.667,-0.13,-1.09,67.6,65.7,30,Lost First Round
california-santa-barbara,Big West,0.645,5.55,-0.05,66.6,60.9,30,Lost First Round
ucla,Pac-12,0.611,12.07,8.27,71.9,68.1,30,Lost Regional Semifinal
ucla,Pac-12,0.757,18.4,7.62,81.2,70.4,20,Lost Regional Semifinal
ucla,Pac-12,0.714,12.88,7.82,74.4,69.3,24,Lost Second Round
ucla,Pac-10,0.676,11.7,7.93,70.1,66.3,30,Lost Regional Semifinal
ucla,Pac-10,0.743,18.64,7.19,75.5,64,18,Lost Second Round
ucla,Pac-10,0.897,21.71,7.71,73.5,59,3,Lost National Semifinal
ucla,Pac-10,0.833,20.9,9.84,69.5,57.8,7,Lost National Semifinal
ucla,Pac-10,0.821,17.34,8.27,67.7,58.7,7,Lost National Final
ucla,Pac-10,0.621,9.16,7.09,73.7,71.7,30,Lost First Round
ucla,Pac-10,0.636,13.14,10.77,75,72.7,30,Lost Regional Semifinal
ucla,Pac-10,0.719,17.13,12.06,79.5,74.4,15,Lost Regional Semifinal
ucla,Pac-10,0.636,15.29,10.11,75.5,70.3,30,Lost Regional Semifinal
ucla,Pac-10,0.71,15.26,8.84,77.2,70.7,15,Lost First Round
ucla,Pac-10,0.727,13.05,11.01,83.1,80.4,19,Lost Regional Semifinal
ucla,Pac-10,0.75,16.48,10.29,79.9,73.8,7,Lost Regional Final
ucla,Pac-10,0.742,14.15,7.34,77.4,70.6,14,Lost First Round
california,Pac-12,0.676,15.39,7.87,74.9,67.3,23,Lost First Round
california,Pac-12,0.636,10.65,7.77,67.2,64.3,30,Lost Regional Semifinal
california,Pac-12,0.706,13.79,4.53,71.1,61.9,30,Lost First Round
california,Pac-10,0.686,17.29,8.26,77.2,68.2,30,Lost Second Round
california,Pac-10,0.667,13.3,7.21,74.9,68.8,30,Lost First Round
california,Pac-10,0.645,12.31,8.84,68.6,64.5,30,Lost First Round
california,Pac-10,0.71,11.77,7.58,74.2,70,30,Lost Second Round
california,Pac-10,0.719,13.08,7.45,72.2,66.6,30,Lost Second Round
california,Pac-10,0.645,14.76,9.08,74.3,68.6,30,Lost First Round
california,Pac-10,0.719,17.25,10.03,75.1,67.8,30,Lost Regional Semifinal
california,Pac-10,0.607,11.9,6.44,75.6,70.1,30,Lost First Round
utah-state,WAC,0.882,13.23,0.5,72,58.7,19,Lost Second Round
utah-state,WAC,0.771,13.62,1.23,73.1,59.9,30,Lost First Round
utah-state,WAC,0.857,9.33,0.07,72.4,62,30,Lost First Round
utah-state,WAC,0.719,7.76,1.79,72.1,64.7,30,Lost First Round
utah-state,Big West,0.75,12.75,-1.47,72.3,57.8,30,Lost First Round
utah-state,Big West,0.727,4.16,-1.43,66.6,60,30,Lost First Round
utah-state,Big West,0.824,9.97,-1.5,70.7,57.6,30,Lost Second Round
utah-state,Big West,0.824,8.83,1.89,70.5,61.2,30,Lost First Round
utah-state,Big West,0.758,6.37,1.21,72,64.8,30,Lost First Round
utah,Pac-12,0.75,15.5,8.79,77.2,69.5,13,Lost Second Round
utah,Pac-12,0.743,20.98,7.42,71.3,57.1,19,Lost Regional Semifinal
utah,MWC,0.706,12.59,5.72,71.2,64.6,25,Lost First Round
utah,MWC,0.829,14.01,4.54,68,57.3,18,Lost Regional Semifinal
utah,MWC,0.727,11.37,4.53,64.7,57.4,30,Lost First Round
utah,MWC,0.758,11,5.25,66.4,60.3,30,Lost Second Round
utah,MWC,0.7,10.68,5.18,67.3,61.3,30,Lost First Round
utah,MWC,0.719,12.23,4.36,70.4,61.8,30,Lost Second Round
utah,WAC,0.848,17.97,3.3,71.3,55.4,6,Lost Second Round
utah,WAC,0.882,17.06,4.87,70,57.6,7,Lost National Final
utah,WAC,0.879,17.56,5.44,74.4,61.7,2,Lost Regional Final
utah,WAC,0.794,18.52,6.42,76.7,63.9,12,Lost Regional Semifinal
valparaiso,Horizon,0.824,6.29,-2,69.6,59.4,30,Lost Second Round
valparaiso,Horizon,0.765,7.15,-1.13,71.2,62.3,30,Lost Second Round
valparaiso,Mid-Cont,0.581,-0.09,0.01,71.5,71,30,Lost First Round
valparaiso,Mid-Cont,0.758,9.38,-1.24,77.7,66.1,30,Lost First Round
valparaiso,Mid-Cont,0.594,-2.89,-3.71,66.5,62.7,30,Lost First Round
valparaiso,Mid-Cont,0.719,4.4,-3.64,72.7,63.9,30,Lost First Round
valparaiso,Mid-Cont,0.697,1.75,-2.66,73.9,68.4,30,Lost Regional Semifinal
valparaiso,Mid-Cont,0.774,3.71,-4.98,76,66.1,30,Lost First Round
valparaiso,Mid-Cont,0.656,-5.13,-9.2,78.2,73.3,30,Lost First Round
vanderbilt,SEC,0.694,15.71,8.04,72.6,65,20,Lost Regional Semifinal
vanderbilt,SEC,0.676,15.1,6.86,75.9,67.7,25,Lost Second Round
vanderbilt,SEC,0.727,15.24,7.86,76.9,68.9,21,Lost First Round
vanderbilt,SEC,0.765,10.96,5.54,80,74.6,19,Lost First Round
vanderbilt,SEC,0.647,12.76,7.79,76.3,70.2,30,Lost Regional Semifinal
vanderbilt,SEC,0.697,15.7,7.58,73.2,65,30,Lost Regional Semifinal
vanderbilt,SEC,0.613,11.47,7.7,69.5,65.5,30,Lost First Round
vermont,AEC,0.667,0.98,-5.19,67.1,60.9,30,Lost Second Round
vermont,AEC,0.714,-1.26,-6.69,70.2,64.8,30,Lost First Round
vermont,AEC,0.781,7.8,-1.95,71.8,62.1,30,Lost Second Round
vermont,AEC,0.71,-2.75,-6.36,66,62.4,30,Lost First Round
vermont,AEC,0.636,-1.32,-4.85,68.9,64,30,Lost First Round
villanova,Big East,0.875,24.08,9.71,78,63.6,6,Won National Final
villanova,Big East,0.917,23.13,7.55,76.5,60.9,2,Lost Regional Semifinal
villanova,Big East,0.853,18.97,7.5,78,66.5,6,Lost Regional Semifinal
villanova,Big East,0.588,10.74,8.53,67.9,65.1,30,Lost Second Round
villanova,Big East,0.636,15.05,8.23,72.2,65.4,30,Lost Second Round
villanova,Big East,0.758,16.72,7.75,81.8,72.8,9,Lost Second Round
villanova,Big East,0.789,17.45,8.72,76.8,67.4,11,Lost National Semifinal
villanova,Big East,0.629,11,7.69,72.8,69.5,30,Lost Regional Semifinal
villanova,Big East,0.667,16.13,9.16,72.5,64.6,30,Lost First Round
villanova,Big East,0.848,19.51,9.23,74.2,63.8,3,Lost Regional Final
villanova,Big East,0.75,19.06,8.43,73,62.4,19,Lost Regional Semifinal
villanova,Big East,0.656,12.02,7.89,75,70.7,30,Lost First Round
villanova,Big East,0.706,16.64,9.45,75.1,67.9,20,Lost Second Round
villanova,Big East,0.788,20.34,11.46,75.5,66.6,10,Lost Second Round
virginia,ACC,0.784,22.04,11.12,71,60.1,4,Lost Regional Final
virginia,ACC,0.882,21.73,7.81,65.4,51.5,6,Lost Regional Semifinal
virginia,ACC,0.811,18.38,7.86,66.2,55.7,3,Lost Regional Semifinal
virginia,ACC,0.688,12.51,4.23,62.5,54.2,30,Lost Second Round
virginia,ACC,0.656,12.89,7.96,77,70.8,30,Lost Second Round
virginia,ACC,0.69,18.93,8.72,85,74.8,16,Lost First Round
virginia,ACC,0.581,14.09,11.38,67.7,65,30,Lost First Round
virginia-commonwealth,A-10,0.694,13.83,4.35,77.3,67.8,30,Lost Second Round
virginia-commonwealth,A-10,0.722,12.79,6.1,72.5,65.8,25,Lost Second Round
virginia-commonwealth,A-10,0.743,14.55,4.78,75,65.2,24,Lost Second Round
virginia-commonwealth,A-10,0.75,16.89,4.47,76.9,64.5,30,Lost Regional Semifinal
virginia-commonwealth,CAA,0.806,8.79,0.63,68,59.8,30,Lost Regional Semifinal
virginia-commonwealth,CAA,0.7,8.56,3.78,71.6,66.8,30,Lost National Semifinal
virginia-commonwealth,CAA,0.706,7.7,-0.65,71.8,63.4,30,Lost First Round
virginia-commonwealth,CAA,0.8,9.5,0.2,75,65.7,30,Lost Second Round
virginia-commonwealth,CAA,0.742,6.8,-0.17,71,64.1,30,Lost First Round
virginia-commonwealth,CAA,0.727,7.42,-0.09,73.9,66.4,30,Lost First Round
virginia-tech,ACC,0.647,14.35,8.26,71.4,64.1,30,Lost Second Round
virginia-tech,A-10,0.793,11.52,4.25,70.2,62.9,22,Lost Second Round
wagner,NEC,0.656,-3.33,-6.48,75.1,71.9,30,Lost First Round
wake-forest,ACC,0.645,11.45,8.85,72.8,69.5,30,Lost Second Round
wake-forest,ACC,0.774,15.63,7.36,81,70.7,12,Lost First Round
wake-forest,ACC,0.818,20.24,10.27,84.9,74,5,Lost Second Round
wake-forest,ACC,0.677,18.45,11.03,83.5,76.1,17,Lost Regional Semifinal
wake-forest,ACC,0.806,16.96,6.96,77.8,67.8,8,Lost Second Round
wake-forest,ACC,0.618,15.25,10.28,82,77.1,30,Lost Second Round
wake-forest,ACC,0.633,20.53,10.5,76.5,66.5,23,Lost First Round
wake-forest,ACC,0.774,21.21,10.53,69,58.3,9,Lost Second Round
wake-forest,ACC,0.813,18.26,10.73,68.9,61.3,9,Lost Regional Final
washington,Pac-10,0.686,20.12,7.74,83.1,70.7,23,Lost Regional Semifinal
washington,Pac-10,0.722,15.64,7.49,79.2,70,30,Lost Regional Semifinal
washington,Pac-10,0.743,16.78,8.19,78.6,69.5,15,Lost Second Round
washington,Pac-10,0.788,18.08,5.96,82,69.9,17,Lost Regional Semifinal
washington,Pac-10,0.829,19.77,7.66,86.5,74.2,8,Lost Regional Semifinal
washington,Pac-10,0.613,9.46,6.43,82,79,30,Lost First Round
washington,Pac-10,0.586,11.62,10.02,74.2,71.5,30,Lost First Round
washington,Pac-10,0.667,10.32,8.32,78.6,76.6,30,Lost Regional Semifinal
washington-state,Pac-10,0.743,16.35,6.35,66.4,56.4,21,Lost Regional Semifinal
washington-state,Pac-10,0.765,13.33,6,66.9,59.5,13,Lost Second Round
weber-state,Big Sky,0.743,0.18,-5.13,76.1,67,30,Lost First Round
weber-state,Big Sky,0.613,-0.92,-4.23,72.7,66.5,30,Lost Second Round
weber-state,Big Sky,0.625,-4.03,-3.33,70.8,69.2,30,Lost First Round
weber-state,Big Sky,0.813,4.56,-2.01,74.5,67.6,30,Lost First Round
weber-state,Big Sky,0.758,5.31,0.21,79.1,73,30,Lost Second Round
west-virginia,Big 12,0.743,21.61,9.78,78.5,66.7,8,Lost First Round
west-virginia,Big 12,0.714,15.12,9.29,72.6,66.8,20,Lost Regional Semifinal
west-virginia,Big East,0.576,12.13,7.53,71.1,66.5,30,Lost Second Round
west-virginia,Big East,0.636,16.15,11.03,69.8,64.7,22,Lost Regional Semifinal
west-virginia,Big East,0.816,19.16,10.26,72.4,63.5,6,Lost National Semifinal
west-virginia,Big East,0.657,18.57,8.34,72,61.8,30,Lost First Round
west-virginia,Big East,0.703,17.97,7.16,74.8,63.6,30,Lost Regional Semifinal
west-virginia,Big East,0.667,14.51,8.54,70.7,63.4,22,Lost Regional Semifinal
west-virginia,Big East,0.686,11.76,7.62,71.5,67.3,30,Lost Regional Final
west-virginia,Big East,0.727,16.24,6.95,80.2,69.2,30,Lost Regional Semifinal
western-carolina,Southern,0.567,-4.85,-4.3,81,79.9,30,Lost First Round
western-kentucky,Sun Belt,0.556,-0.65,-1.14,66.9,65.7,30,Lost Second Round
western-kentucky,Sun Belt,0.457,-2.66,0.51,64.9,68.1,30,Lost Second Round
western-kentucky,Sun Belt,0.735,3.68,-1.23,72.2,67,30,Lost Second Round
western-kentucky,Sun Belt,0.806,9.34,0.24,77.4,66.8,30,Lost Regional Semifinal
western-kentucky,Sun Belt,0.727,7.71,1.4,73.6,66.5,30,Lost First Round
western-kentucky,Sun Belt,0.875,10.46,-0.28,77.8,64.7,19,Lost First Round
western-kentucky,Sun Belt,0.774,8.67,-1.65,74.3,60.9,30,Lost First Round
western-michigan,MAC,0.697,1.73,-1.45,71.9,67.7,30,Lost Second Round
western-michigan,MAC,0.839,12.31,-0.11,78.5,66.1,30,Lost First Round
western-michigan,MAC,0.724,10.29,1.91,78.8,70.4,30,Lost Second Round
wichita-state,MVC,0.743,17.39,4.24,72.4,59,30,Lost Second Round
wichita-state,MVC,0.857,15.56,3.68,70.3,57.4,14,Lost Regional Semifinal
wichita-state,MVC,0.972,16.65,1.74,75.2,59.5,2,Lost Regional Semifinal
wichita-state,MVC,0.769,14.68,6.09,69.7,61.2,30,Lost National Semifinal
wichita-state,MVC,0.818,17.42,3.8,77.1,62.4,18,Lost Second Round
wichita-state,MVC,0.743,11.45,4.72,69.2,61.9,30,Lost Regional Semifinal
winthrop,Big South,0.576,-8.68,-7.31,61.9,61.4,30,Lost First Round
winthrop,Big South,0.647,3.61,-1.45,64.9,58.5,30,Lost First Round
winthrop,Big South,0.853,9.17,-1.2,74.9,61.4,22,Lost Second Round
winthrop,Big South,0.742,6.28,-4.93,73.4,61.2,30,Lost First Round
winthrop,Big South,0.818,0.48,-6.65,68,59.4,30,Lost First Round
winthrop,Big South,0.613,-6.54,-8.21,67.5,65.1,30,Lost First Round
winthrop,Big South,0.581,-3.73,-7.8,65.7,61.8,30,Lost First Round
winthrop,Big South,0.7,-1.04,-7.41,73.1,64.7,30,Lost First Round
winthrop,Big South,0.724,-6.67,-8.72,68.8,64.6,30,Lost First Round
wisconsin,Big Ten,0.629,13.4,9.4,67.8,63.8,30,Lost Regional Semifinal
wisconsin,Big Ten,0.9,24.61,10.29,72.5,58.2,3,Lost National Final
wisconsin,Big Ten,0.789,19.69,10.19,73.5,64,12,Lost National Semifinal
wisconsin,Big Ten,0.657,18.76,9.73,65,55.9,18,Lost Second Round
wisconsin,Big Ten,0.722,19.04,8.24,64,53.2,14,Lost Regional Semifinal
wisconsin,Big Ten,0.735,18.77,9.42,67.9,58.6,16,Lost Regional Semifinal
wisconsin,Big Ten,0.727,17.84,7.66,67.1,56.9,16,Lost Second Round
wisconsin,Big Ten,0.606,12.43,8.43,63.8,59,30,Lost Second Round
wisconsin,Big Ten,0.861,19.59,6.73,67.3,54.4,6,Lost Regional Semifinal
wisconsin,Big Ten,0.833,19.28,6.95,70.2,57.9,6,Lost Second Round
wisconsin,Big Ten,0.613,13.14,7.24,71.1,65.6,30,Lost First Round
wisconsin,Big Ten,0.735,16.76,9.61,67.4,60.2,20,Lost Regional Final
wisconsin,Big Ten,0.781,18.96,7.49,68.4,57,10,Lost Second Round
wisconsin,Big Ten,0.75,17.48,6.51,70.3,59.3,21,Lost Regional Semifinal
wisconsin,Big Ten,0.594,10.09,9.22,67,65.7,30,Lost Second Round
wisconsin,Big Ten,0.621,14.9,12.08,59.4,56.6,25,Lost First Round
wisconsin,Big Ten,0.611,16.67,12.5,59.9,55.8,30,Lost National Semifinal
wisconsin,Big Ten,0.688,17.28,10.37,62.1,55.2,18,Lost First Round
wisconsin,Big Ten,0.643,13.2,9.41,59.1,55.3,30,Lost First Round
wofford,Southern,0.8,2.56,-2.98,66.6,59.7,30,Lost Second Round
wofford,Southern,0.606,-4.32,-5.95,66.8,62.2,30,Lost Second Round
wofford,Southern,0.618,4.35,-1.21,73.6,68,30,Lost Second Round
wofford,Southern,0.743,4.43,-2.57,68.8,61,30,Lost First Round
wright-state,Horizon,0.697,1.94,-0.31,64.4,62.2,30,Lost First Round
wyoming,MWC,0.714,3.81,-0.04,61.5,56.4,30,Lost Second Round
wyoming,MWC,0.71,8.62,2.72,75,68.7,30,Lost Second Round
xavier,Big East,0.824,18.58,8.43,80.5,70.4,9,Lost Second Round
xavier,Big East,0.622,15.42,9.48,73.3,67.4,30,Lost Regional Semifinal
xavier,Big East,0.618,11.84,8.14,71.8,68.1,30,Lost First Round
xavier,A-10,0.639,9.59,6.22,70.6,67.3,30,Lost Regional Semifinal
xavier,A-10,0.75,11.88,4.41,72.1,64.6,20,Lost Second Round
xavier,A-10,0.743,16.23,5.94,79.8,69.5,25,Lost Regional Semifinal
xavier,A-10,0.771,14.45,4.65,71.7,61.9,20,Lost Regional Semifinal
xavier,A-10,0.811,17.17,5.47,75.1,63.4,12,Lost Regional Final
xavier,A-10,0.735,14.18,3.39,76.3,65.5,30,Lost Second Round
xavier,A-10,0.656,10.11,1.99,71.6,63.4,30,Lost First Round
xavier,A-10,0.703,13.84,5.84,71.2,63.2,30,Lost Regional Final
xavier,A-10,0.813,16.08,4.61,77.6,66.1,12,Lost Second Round
xavier,A-10,0.813,13.9,4.09,72.4,62.6,22,Lost Second Round
xavier,A-10,0.724,12.14,4.59,73.4,65.9,30,Lost First Round
xavier,A-10,0.733,19.46,4.76,83.5,68.8,23,Lost First Round
xavier,A-10,0.793,16.14,5.28,83.2,72.3,13,Lost Second Round
yale,Ivy,0.767,9.08,-1.03,74.9,63.8,30,Lost Second Round
